ctime,schemaname,relname,seq_scan,seq_tup_read,idx_scan,idx_tup_fetch,n_tup_ins,n_tup_upd,n_tup_del,n_tup_hot_upd,n_live_tup,n_dead_tup,heap_blks_read,heap_blks_hit,idx_blks_read,idx_blks_hit,toast_blks_read,toast_blks_hit,tidx_blks_read,tidx_blks_hit
1430927813.4968,pg_catalog,pg_auth_members,27,0,0,0,0,0,0,0,0,0,0,0,0,0,,,,
1430927813.4968,pg_catalog,pg_operator,3,2295,251,1512,0,0,0,0,765,0,42,1048,20,564,,,,
1430927813.4968,pg_catalog,pg_aggregate,2,266,2,2,0,0,0,0,133,0,5,3,2,2,,,,
1430927813.4968,pg_catalog,pg_pltemplate,18,144,0,0,0,0,0,0,8,0,18,9,0,0,,,,
1430927813.4968,pg_catalog,pg_description,2,7372,252,0,0,0,0,0,3686,0,64,32,6,501,0,0,0,0
1430927813.4968,pg_catalog,pg_language,4,16,10,10,0,0,0,0,4,0,2,13,4,18,,,,
1430927813.4968,information_schema,sql_sizing_profiles,1,0,,,0,0,0,0,0,0,0,0,,,0,0,0,0
1430927813.4968,pg_catalog,pg_ts_parser,3,3,0,0,0,0,0,0,1,0,2,2,0,0,,,,
1430927813.4968,pg_catalog,pg_event_trigger,3,0,27,0,0,0,0,0,0,0,0,0,2,25,,,,
1430927813.4968,pg_catalog,pg_shseclabel,18,0,8,0,0,0,0,0,0,0,0,0,8,0,,,,
1430927813.4968,pg_catalog,pg_foreign_table,2,0,0,0,0,0,0,0,0,0,0,0,0,0,,,,
1430927813.4968,pg_toast,pg_toast_12659,0,0,0,0,0,0,0,0,0,0,0,0,0,0,,,,
1430927813.4968,public,customer,6,1440000,21,39,240000,5,0,0,240000,5,136329,49270,28,97,,,,
1430927813.4968,public,stock,4,3200000,94,94,800000,47,0,0,799999,47,202025,76066,44,389,,,,
1430927813.4968,pg_catalog,pg_attrdef,3,0,0,0,0,0,0,0,0,0,0,0,0,0,0,0,0,0
1430927813.4968,pg_catalog,pg_ts_template,3,15,0,0,0,0,0,0,5,0,2,2,0,0,,,,
1430927813.4968,pg_catalog,pg_foreign_server,3,0,0,0,0,0,0,0,0,0,0,0,0,0,,,,
1430927813.4968,pg_catalog,pg_default_acl,3,0,59,0,0,0,0,0,0,0,0,0,2,57,,,,
1430927813.4968,pg_toast,pg_toast_12634,0,0,0,0,0,0,0,0,0,0,0,0,0,0,,,,
1430927813.4968,pg_catalog,pg_attribute,26,7750,2644,9708,1401,20,1219,1,2491,1218,142,6139,35,11075,,,,
1430927813.4968,pg_catalog,pg_statistic,2,830,1175,996,92,415,0,182,92,318,69,2027,14,3035,37,293,4,245
1430927813.4968,public,warehouse,21,144,0,0,8,5,0,5,8,5,3,22,1,9,,,,
1430927813.4968,information_schema,sql_sizing,1,23,,,0,0,0,0,23,0,2,0,,,0,0,0,0
1430927813.4968,pg_toast,pg_toast_2618,0,0,62,193,0,0,0,0,0,0,45,39,4,61,,,,
1430927813.4968,pg_toast,pg_toast_3596,0,0,0,0,0,0,0,0,0,0,0,0,0,0,,,,
1430927813.4968,pg_catalog,pg_depend,3,20120,2731,2507,348,0,256,0,6672,256,103,3172,39,6884,,,,
1430927813.4968,information_schema,sql_languages,1,4,,,0,0,0,0,4,0,2,0,,,0,0,0,0
1430927813.4968,pg_catalog,pg_opclass,7,388,383,5066,0,0,0,0,128,0,9,1794,12,487,,,,
1430927813.4968,pg_catalog,pg_proc,3,8073,245,276,6,0,0,0,2691,0,158,415,28,568,0,0,0,0
1430927813.4968,public,new_order,4,288000,0,0,72004,0,0,0,72004,0,783,2339,6,11,,,,
1430927813.4968,pg_catalog,pg_trigger,4,0,0,0,0,0,0,0,0,0,0,0,0,0,0,0,0,0
1430927813.4968,pg_catalog,pg_am,106,118,0,0,0,0,0,0,5,0,3,104,0,0,,,,
1430927813.4968,pg_catalog,pg_largeobject_metadata,2,0,0,0,0,0,0,0,0,0,0,0,0,0,,,,
1430927813.4968,pg_catalog,pg_ts_config_map,2,608,0,0,0,0,0,0,304,0,4,2,0,0,,,,
1430927813.4968,pg_catalog,pg_type,3,1093,1437,1078,173,0,151,0,361,151,26,1452,20,3493,,,,
1430927813.4968,public,orders,6,1440000,1,1,240004,0,0,0,240004,0,3864,15440,14,27,,,,
1430927813.4968,pg_catalog,pg_shdepend,27,27,3058,765,0,0,0,0,1,0,18,783,72,3183,,,,
1430927813.4968,public,item,4,400000,47,47,100000,0,0,0,100000,0,2604,9090,35,63,,,,
1430927813.4968,pg_catalog,pg_conversion,4,528,0,0,0,0,0,0,132,0,6,9,0,0,,,,
1430927813.4968,pg_catalog,pg_foreign_data_wrapper,3,0,0,0,0,0,0,0,0,0,0,0,0,0,,,,
1430927813.4968,pg_catalog,pg_opfamily,3,258,0,0,0,0,0,0,86,0,4,4,0,0,,,,
1430927813.4968,public,order_line,4,9112860,1,8,2278262,0,0,0,2278262,0,162498,62566,8,144,,,,
1430927813.4968,pg_catalog,pg_shdescription,18,54,8,0,0,0,0,0,3,0,18,9,16,0,0,0,0,0
1430927813.4968,pg_catalog,pg_tablespace,53,106,699,699,0,0,0,0,2,0,26,735,41,1371,,,,
1430927813.4968,pg_catalog,pg_inherits,3,0,84,0,0,0,0,0,0,0,0,0,2,82,,,,
1430927813.4968,pg_toast,pg_toast_2606,0,0,0,0,0,0,0,0,0,0,0,0,0,0,,,,
1430927813.4968,pg_toast,pg_toast_2964,0,0,0,0,0,0,0,0,0,0,0,0,0,0,,,,
1430927813.4968,pg_catalog,pg_database,318,1136,4964,4946,9,0,8,0,4,0,9,5298,90,7324,,,,
1430927813.4968,pg_toast,pg_toast_2620,0,0,0,0,0,0,0,0,0,0,0,0,0,0,,,,
1430927813.4968,pg_catalog,pg_amproc,7,1040,273,438,0,0,0,0,344,0,9,274,9,629,,,,
1430927813.4968,public,district,28,1760,0,0,80,9,0,8,80,3,8,59,2,12,,,,
1430927813.4968,pg_catalog,pg_collation,3,2766,0,0,0,0,0,0,922,0,56,56,0,0,,,,
1430927813.4968,pg_catalog,pg_constraint,5,50,8,0,8,0,0,0,10,0,6,33,8,64,0,0,0,0
1430927813.4968,pg_catalog,pg_range,2,12,2,0,0,0,0,0,6,0,2,1,2,2,,,,
1430927813.4968,pg_toast,pg_toast_12639,0,0,0,0,0,0,0,0,0,0,0,0,0,0,,,,
1430927813.4968,pg_toast,pg_toast_12654,0,0,0,0,0,0,0,0,0,0,0,0,0,0,,,,
1430927813.4968,pg_catalog,pg_user_mapping,3,0,0,0,0,0,0,0,0,0,0,0,0,0,,,,
1430927813.4968,pg_catalog,pg_largeobject,2,0,0,0,0,0,0,0,0,0,0,0,0,0,,,,
1430927813.4968,pg_catalog,pg_namespace,5,30,200,120,0,0,0,0,6,0,3,123,11,285,,,,
1430927813.4968,information_schema,sql_packages,1,10,,,0,0,0,0,10,0,2,0,,,0,0,0,0
1430927813.4968,pg_catalog,pg_authid,157,157,2149,2149,0,0,0,0,1,0,25,2290,84,4218,,,,
1430927813.4968,pg_catalog,pg_index,20,512,1021,1257,27,0,17,0,123,17,13,1115,12,1224,,,,
1430927813.4968,pg_catalog,pg_ts_dict,3,48,0,0,0,0,0,0,16,0,2,2,0,0,,,,
1430927813.4968,pg_catalog,pg_class,46,3841,3091,2746,122,324,101,69,316,359,29,4381,33,7853,,,,
1430927813.4968,pg_toast,pg_toast_2396,0,0,0,0,0,0,0,0,0,0,0,0,0,0,,,,
1430927813.4968,pg_catalog,pg_enum,4,0,0,0,0,0,0,0,0,0,0,0,0,0,,,,
1430927813.4968,pg_catalog,pg_db_role_setting,26,0,4864,0,0,0,0,0,0,0,0,0,20,4844,0,0,0,0
1430927813.4968,pg_toast,pg_toast_12649,0,0,0,0,0,0,0,0,0,0,0,0,0,0,,,,
1430927813.4968,information_schema,sql_parts,1,9,,,0,0,0,0,9,0,2,0,,,0,0,0,0
1430927813.4968,pg_catalog,pg_seclabel,2,0,252,0,0,0,0,0,0,0,0,0,2,250,0,0,0,0
1430927813.4968,information_schema,sql_implementation_info,1,12,,,0,0,0,0,12,0,2,0,,,0,0,0,0
1430927813.4968,pg_toast,pg_toast_2609,0,0,0,0,0,0,0,0,0,0,0,0,0,0,,,,
1430927813.4968,pg_toast,pg_toast_1255,0,0,0,0,0,0,0,0,0,0,0,0,0,0,,,,
1430927813.4968,pg_toast,pg_toast_12644,0,0,0,0,0,0,0,0,0,0,0,0,0,0,,,,
1430927813.4968,public,history,1,240000,,,240005,0,0,0,240005,0,5671,7192,,,,,,
1430927813.4968,pg_catalog,pg_rewrite,3,327,2,2,0,0,0,0,109,0,23,23,2,2,45,39,8,122
1430927813.4968,pg_catalog,pg_ts_config,3,48,0,0,0,0,0,0,16,0,2,2,0,0,,,,
1430927813.4968,pg_catalog,pg_extension,3,3,0,0,0,0,0,0,1,0,2,2,0,0,,,,
1430927813.4968,pg_catalog,pg_amop,4,1744,291,378,0,0,0,0,436,0,12,386,21,645,,,,
1430927813.4968,pg_catalog,pg_cast,3,594,1913,374,0,0,0,0,198,0,6,376,6,1945,,,,
1430927813.4968,pg_toast,pg_toast_2619,0,0,155,404,76,0,15,0,61,15,37,293,4,245,,,,
1430927813.4968,pg_toast,pg_toast_12629,0,0,0,0,0,0,0,0,0,0,0,0,0,0,,,,
1430927813.4968,pg_toast,pg_toast_2604,0,0,0,0,0,0,0,0,0,0,0,0,0,0,,,,
1430927813.4968,information_schema,sql_features,1,672,,,0,0,0,0,672,0,14,0,,,0,0,0,0
1430927873.51446,pg_catalog,pg_auth_members,27,0,0,0,0,0,0,0,0,0,0,0,0,0,,,,
1430927873.51446,pg_catalog,pg_operator,3,2295,2880,19710,0,0,0,0,765,0,42,13677,20,6054,,,,
1430927873.51446,pg_catalog,pg_aggregate,2,266,163,163,0,0,0,0,133,0,5,164,2,244,,,,
1430927873.51446,pg_catalog,pg_pltemplate,18,144,0,0,0,0,0,0,8,0,18,9,0,0,,,,
1430927873.51446,pg_catalog,pg_description,2,7372,252,0,0,0,0,0,3686,0,64,32,6,501,0,0,0,0
1430927873.51446,pg_catalog,pg_language,4,16,10,10,0,0,0,0,4,0,2,13,4,18,,,,
1430927873.51446,information_schema,sql_sizing_profiles,1,0,,,0,0,0,0,0,0,0,0,,,0,0,0,0
1430927873.51446,pg_catalog,pg_ts_parser,3,3,0,0,0,0,0,0,1,0,2,2,0,0,,,,
1430927873.51446,pg_catalog,pg_event_trigger,3,0,27,0,0,0,0,0,0,0,0,0,2,25,,,,
1430927873.51446,pg_catalog,pg_shseclabel,18,0,8,0,0,0,0,0,0,0,0,0,8,0,,,,
1430927873.51446,pg_catalog,pg_foreign_table,2,0,0,0,0,0,0,0,0,0,0,0,0,0,,,,
1430927873.51446,pg_toast,pg_toast_12659,0,0,0,0,0,0,0,0,0,0,0,0,0,0,,,,
1430927873.51446,public,customer,6,1440000,770290,1967273,240000,314221,0,272384,240000,53635,157867,2461361,3182,2576169,,,,
1430927873.51446,public,stock,4,3200000,5338480,3665519,800000,1792992,0,0,799999,1792992,240279,5775633,6074,21446522,,,,
1430927873.51446,pg_catalog,pg_attrdef,3,0,0,0,0,0,0,0,0,0,0,0,0,0,0,0,0,0
1430927873.51446,pg_catalog,pg_ts_template,3,15,0,0,0,0,0,0,5,0,2,2,0,0,,,,
1430927873.51446,pg_catalog,pg_foreign_server,3,0,0,0,0,0,0,0,0,0,0,0,0,0,,,,
1430927873.51446,pg_catalog,pg_default_acl,3,0,59,0,0,0,0,0,0,0,0,0,2,57,,,,
1430927873.51446,pg_toast,pg_toast_12634,0,0,0,0,0,0,0,0,0,0,0,0,0,0,,,,
1430927873.51446,pg_catalog,pg_attribute,70,8050,10090,26503,1401,20,1219,1,2491,1218,147,15011,36,26043,,,,
1430927873.51446,pg_catalog,pg_statistic,2,830,7512,7327,92,415,0,182,92,318,71,8356,14,15786,37,2278,4,1774
1430927873.51446,public,warehouse,275844,1684576,287199,287199,8,163471,0,159391,8,10690,318,39064264,2,291360,,,,
1430927873.51446,information_schema,sql_sizing,1,23,,,0,0,0,0,23,0,2,0,,,0,0,0,0
1430927873.51446,pg_toast,pg_toast_2618,0,0,67,209,0,0,0,0,0,0,51,40,4,69,,,,
1430927873.51446,pg_toast,pg_toast_3596,0,0,0,0,0,0,0,0,0,0,0,0,0,0,,,,
1430927873.51446,pg_catalog,pg_depend,3,20120,2731,2507,348,0,256,0,6672,256,103,3172,39,6884,,,,
1430927873.51446,information_schema,sql_languages,1,4,,,0,0,0,0,4,0,2,0,,,0,0,0,0
1430927873.51446,pg_catalog,pg_opclass,15,396,1314,18557,0,0,0,0,128,0,9,7069,12,1566,,,,
1430927873.51446,pg_catalog,pg_proc,3,8073,3867,5098,6,0,0,0,2691,0,168,4567,33,8109,0,0,0,0
1430927873.51446,public,new_order,4,288000,301500,279539,242825,0,126390,0,114755,128070,2132,858454,1463,1990624,,,,
1430927873.51446,pg_catalog,pg_trigger,4,0,0,0,0,0,0,0,0,0,0,0,0,0,0,0,0,0
1430927873.51446,pg_catalog,pg_am,177,189,0,0,0,0,0,0,5,0,3,175,0,0,,,,
1430927873.51446,pg_catalog,pg_largeobject_metadata,2,0,0,0,0,0,0,0,0,0,0,0,0,0,,,,
1430927873.51446,pg_catalog,pg_ts_config_map,2,608,0,0,0,0,0,0,304,0,4,2,0,0,,,,
1430927873.51446,pg_catalog,pg_type,3,1093,5188,4829,173,0,151,0,361,0,26,5203,20,11072,,,,
1430927873.51446,public,orders,6,1440000,316477,338802,410825,150750,0,121125,409145,32823,7371,751903,4132,2160502,,,,
1430927873.51446,pg_catalog,pg_shdepend,27,27,3058,765,0,0,0,0,1,0,18,783,72,3183,,,,
1430927873.51446,public,item,4,400000,1794672,1792997,100000,0,0,0,100000,0,3845,1800799,276,3597626,,,,
1430927873.51446,pg_catalog,pg_conversion,4,528,0,0,0,0,0,0,132,0,6,9,0,0,,,,
1430927873.51446,pg_catalog,pg_foreign_data_wrapper,3,0,0,0,0,0,0,0,0,0,0,0,0,0,,,,
1430927873.51446,pg_catalog,pg_opfamily,3,258,0,0,0,0,0,0,86,0,4,4,0,0,,,,
1430927873.51446,public,order_line,4,9112860,331730,4893975,4071207,1496760,0,774121,4055224,1009003,203863,7297509,22797,8608968,,,,
1430927873.51446,pg_catalog,pg_shdescription,18,54,8,0,0,0,0,0,3,0,18,9,16,0,0,0,0,0
1430927873.51446,pg_catalog,pg_tablespace,53,106,814,814,0,0,0,0,2,0,27,849,44,1600,,,,
1430927873.51446,pg_catalog,pg_inherits,3,0,84,0,0,0,0,0,0,0,0,0,2,82,,,,
1430927873.51446,pg_toast,pg_toast_2606,0,0,0,0,0,0,0,0,0,0,0,0,0,0,,,,
1430927873.51446,pg_toast,pg_toast_2964,0,0,0,0,0,0,0,0,0,0,0,0,0,0,,,,
1430927873.51446,pg_catalog,pg_database,321,1142,5343,5325,9,0,8,0,4,0,9,5680,94,7940,,,,
1430927873.51446,pg_toast,pg_toast_2620,0,0,0,0,0,0,0,0,0,0,0,0,0,0,,,,
1430927873.51446,pg_catalog,pg_amproc,15,1056,823,1215,0,0,0,0,344,0,9,848,9,1800,,,,
1430927873.51446,public,district,149112,10958480,625262,625262,80,334296,0,333129,80,7845,306,27129462,4,1211218,,,,
1430927873.51446,pg_catalog,pg_collation,3,2766,0,0,0,0,0,0,922,0,56,56,0,0,,,,
1430927873.51446,pg_catalog,pg_constraint,5,50,8,0,8,0,0,0,10,0,6,33,8,64,0,0,0,0
1430927873.51446,pg_catalog,pg_range,2,12,2,0,0,0,0,0,6,0,2,1,2,2,,,,
1430927873.51446,pg_toast,pg_toast_12639,0,0,0,0,0,0,0,0,0,0,0,0,0,0,,,,
1430927873.51446,pg_toast,pg_toast_12654,0,0,0,0,0,0,0,0,0,0,0,0,0,0,,,,
1430927873.51446,pg_catalog,pg_user_mapping,3,0,0,0,0,0,0,0,0,0,0,0,0,0,,,,
1430927873.51446,pg_catalog,pg_largeobject,2,0,0,0,0,0,0,0,0,0,0,0,0,0,,,,
1430927873.51446,pg_catalog,pg_namespace,7,42,555,398,0,0,0,0,6,0,3,403,12,718,,,,
1430927873.51446,information_schema,sql_packages,1,10,,,0,0,0,0,10,0,2,0,,,0,0,0,0
1430927873.51446,pg_catalog,pg_authid,160,160,2389,2389,0,0,0,0,1,0,26,2532,88,4694,,,,
1430927873.51446,pg_catalog,pg_index,53,1155,2884,3281,27,0,17,0,123,17,13,3037,12,3235,,,,
1430927873.51446,pg_catalog,pg_ts_dict,3,48,0,0,0,0,0,0,16,0,2,2,0,0,,,,
1430927873.51446,pg_catalog,pg_class,96,5781,7972,6795,122,324,101,69,316,359,29,8646,33,14558,,,,
1430927873.51446,pg_toast,pg_toast_2396,0,0,0,0,0,0,0,0,0,0,0,0,0,0,,,,
1430927873.51446,pg_catalog,pg_enum,4,0,0,0,0,0,0,0,0,0,0,0,0,0,,,,
1430927873.51446,pg_catalog,pg_db_role_setting,26,0,5348,0,0,0,0,0,0,0,0,0,21,5327,0,0,0,0
1430927873.51446,pg_toast,pg_toast_12649,0,0,0,0,0,0,0,0,0,0,0,0,0,0,,,,
1430927873.51446,information_schema,sql_parts,1,9,,,0,0,0,0,9,0,2,0,,,0,0,0,0
1430927873.51446,pg_catalog,pg_seclabel,2,0,252,0,0,0,0,0,0,0,0,0,2,250,0,0,0,0
1430927873.51446,information_schema,sql_implementation_info,1,12,,,0,0,0,0,12,0,2,0,,,0,0,0,0
1430927873.51446,pg_toast,pg_toast_2609,0,0,0,0,0,0,0,0,0,0,0,0,0,0,,,,
1430927873.51446,pg_toast,pg_toast_1255,0,0,0,0,0,0,0,0,0,0,0,0,0,0,,,,
1430927873.51446,pg_toast,pg_toast_12644,0,0,0,0,0,0,0,0,0,0,0,0,0,0,,,,
1430927873.51446,public,history,1,240000,,,403471,0,0,0,403471,0,7553,174484,,,,,,
1430927873.51446,pg_catalog,pg_rewrite,3,327,9,9,0,0,0,0,109,0,27,26,2,14,51,40,8,138
1430927873.51446,pg_catalog,pg_ts_config,3,48,0,0,0,0,0,0,16,0,2,2,0,0,,,,
1430927873.51446,pg_catalog,pg_extension,3,3,0,0,0,0,0,0,1,0,2,2,0,0,,,,
1430927873.51446,pg_catalog,pg_amop,4,1744,1782,2399,0,0,0,0,436,0,12,2407,21,3779,,,,
1430927873.51446,pg_catalog,pg_cast,3,594,12391,2813,0,0,0,0,198,0,6,2815,6,12500,,,,
1430927873.51446,pg_toast,pg_toast_2619,0,0,1611,4895,76,0,15,0,61,15,37,2278,4,1774,,,,
1430927873.51446,pg_toast,pg_toast_12629,0,0,0,0,0,0,0,0,0,0,0,0,0,0,,,,
1430927873.51446,pg_toast,pg_toast_2604,0,0,0,0,0,0,0,0,0,0,0,0,0,0,,,,
1430927873.51446,information_schema,sql_features,1,672,,,0,0,0,0,672,0,14,0,,,0,0,0,0
1430927933.50859,pg_catalog,pg_auth_members,27,0,0,0,0,0,0,0,0,0,0,0,0,0,,,,
1430927933.50859,pg_catalog,pg_operator,3,2295,2897,19727,0,0,0,0,765,0,42,13694,20,6096,,,,
1430927933.50859,pg_catalog,pg_aggregate,2,266,164,164,0,0,0,0,133,0,5,165,2,246,,,,
1430927933.50859,pg_catalog,pg_pltemplate,18,144,0,0,0,0,0,0,8,0,18,9,0,0,,,,
1430927933.50859,pg_catalog,pg_description,2,7372,252,0,0,0,0,0,3686,0,64,32,6,501,0,0,0,0
1430927933.50859,pg_catalog,pg_language,4,16,10,10,0,0,0,0,4,0,2,13,4,18,,,,
1430927933.50859,information_schema,sql_sizing_profiles,1,0,,,0,0,0,0,0,0,0,0,,,0,0,0,0
1430927933.50859,pg_catalog,pg_ts_parser,3,3,0,0,0,0,0,0,1,0,2,2,0,0,,,,
1430927933.50859,pg_catalog,pg_event_trigger,3,0,27,0,0,0,0,0,0,0,0,0,2,25,,,,
1430927933.50859,pg_catalog,pg_shseclabel,18,0,8,0,0,0,0,0,0,0,0,0,8,0,,,,
1430927933.50859,pg_catalog,pg_foreign_table,2,0,0,0,0,0,0,0,0,0,0,0,0,0,,,,
1430927933.50859,pg_toast,pg_toast_12659,0,0,0,0,0,0,0,0,0,0,0,0,0,0,,,,
1430927933.50859,public,customer,6,1440000,1419096,3624298,240000,578678,0,522989,240000,74301,159083,4444669,3427,4619809,,,,
1430927933.50859,public,stock,4,3200000,9659446,6752556,800000,3306975,0,0,813833,720134,245812,11207423,6314,38993896,,,,
1430927933.50859,pg_catalog,pg_attrdef,3,0,0,0,0,0,0,0,0,0,0,0,0,0,0,0,0,0
1430927933.50859,pg_catalog,pg_ts_template,3,15,0,0,0,0,0,0,5,0,2,2,0,0,,,,
1430927933.50859,pg_catalog,pg_foreign_server,3,0,0,0,0,0,0,0,0,0,0,0,0,0,,,,
1430927933.50859,pg_catalog,pg_default_acl,3,0,59,0,0,0,0,0,0,0,0,0,2,57,,,,
1430927933.50859,pg_toast,pg_toast_12634,0,0,0,0,0,0,0,0,0,0,0,0,0,0,,,,
1430927933.50859,pg_catalog,pg_attribute,70,8050,10522,29769,1401,20,1219,1,2491,1218,147,15765,36,26912,,,,
1430927933.50859,pg_catalog,pg_statistic,2,830,8897,8706,92,415,0,182,92,318,71,9735,14,18561,37,3398,4,2654
1430927933.50859,public,warehouse,483021,2930504,550651,550651,8,300938,0,293381,8,16835,634,104626999,2,558289,,,,
1430927933.50859,information_schema,sql_sizing,1,23,,,0,0,0,0,23,0,2,0,,,0,0,0,0
1430927933.50859,pg_toast,pg_toast_2618,0,0,72,225,0,0,0,0,0,0,51,47,4,77,,,,
1430927933.50859,pg_toast,pg_toast_3596,0,0,0,0,0,0,0,0,0,0,0,0,0,0,,,,
1430927933.50859,pg_catalog,pg_depend,3,20120,2731,2507,348,0,256,0,6672,256,103,3172,39,6884,,,,
1430927933.50859,information_schema,sql_languages,1,4,,,0,0,0,0,4,0,2,0,,,0,0,0,0
1430927933.50859,pg_catalog,pg_opclass,15,396,1326,18736,0,0,0,0,128,0,9,7133,12,1584,,,,
1430927933.50859,pg_catalog,pg_proc,3,8073,3945,5211,6,0,0,0,2691,0,168,4660,33,8275,0,0,0,0
1430927933.50859,public,new_order,4,288000,555480,516725,387084,0,234760,0,149211,237873,2920,3006764,2507,4943570,,,,
1430927933.50859,pg_catalog,pg_trigger,4,0,0,0,0,0,0,0,0,0,0,0,0,0,0,0,0,0
1430927933.50859,pg_catalog,pg_am,180,192,0,0,0,0,0,0,5,0,3,178,0,0,,,,
1430927933.50859,pg_catalog,pg_largeobject_metadata,2,0,0,0,0,0,0,0,0,0,0,0,0,0,,,,
1430927933.50859,pg_catalog,pg_ts_config_map,2,608,0,0,0,0,0,0,304,0,4,2,0,0,,,,
1430927933.50859,pg_catalog,pg_type,3,1093,5280,4921,173,0,151,0,361,0,26,5295,20,11261,,,,
1430927933.50859,public,orders,6,1440000,583060,656547,555084,277740,0,218636,551971,66416,8717,1418530,6098,4010867,,,,
1430927933.50859,pg_catalog,pg_shdepend,27,27,3058,765,0,0,0,0,1,0,18,783,72,3183,,,,
1430927933.50859,public,item,4,400000,3310088,3306984,100000,0,0,0,100000,0,3845,3314786,276,6635640,,,,
1430927933.50859,pg_catalog,pg_conversion,4,528,0,0,0,0,0,0,132,0,6,9,0,0,,,,
1430927933.50859,pg_catalog,pg_foreign_data_wrapper,3,0,0,0,0,0,0,0,0,0,0,0,0,0,,,,
1430927933.50859,pg_catalog,pg_opfamily,3,258,0,0,0,0,0,0,86,0,4,4,0,0,,,,
1430927933.50859,public,order_line,4,9112860,611131,8982571,5585190,2831313,0,1632735,5555603,1681729,226669,12801874,34873,15472708,,,,
1430927933.50859,pg_catalog,pg_shdescription,18,54,8,0,0,0,0,0,3,0,18,9,16,0,0,0,0,0
1430927933.50859,pg_catalog,pg_tablespace,53,106,819,819,0,0,0,0,2,0,27,854,44,1610,,,,
1430927933.50859,pg_catalog,pg_inherits,3,0,84,0,0,0,0,0,0,0,0,0,2,82,,,,
1430927933.50859,pg_toast,pg_toast_2606,0,0,0,0,0,0,0,0,0,0,0,0,0,0,,,,
1430927933.50859,pg_toast,pg_toast_2964,0,0,0,0,0,0,0,0,0,0,0,0,0,0,,,,
1430927933.50859,pg_catalog,pg_database,323,1150,5447,5429,9,0,8,0,4,0,9,5786,94,8056,,,,
1430927933.50859,pg_toast,pg_toast_2620,0,0,0,0,0,0,0,0,0,0,0,0,0,0,,,,
1430927933.50859,pg_catalog,pg_amproc,15,1056,834,1230,0,0,0,0,344,0,9,859,9,1825,,,,
1430927933.50859,public,district,256196,18775920,1162877,1162877,80,616022,0,613052,80,14084,897,67340457,7,2297503,,,,
1430927933.50859,pg_catalog,pg_collation,3,2766,0,0,0,0,0,0,922,0,56,56,0,0,,,,
1430927933.50859,pg_catalog,pg_constraint,5,50,8,0,8,0,0,0,10,0,6,33,8,64,0,0,0,0
1430927933.50859,pg_catalog,pg_range,2,12,2,0,0,0,0,0,6,0,2,1,2,2,,,,
1430927933.50859,pg_toast,pg_toast_12639,0,0,0,0,0,0,0,0,0,0,0,0,0,0,,,,
1430927933.50859,pg_toast,pg_toast_12654,0,0,0,0,0,0,0,0,0,0,0,0,0,0,,,,
1430927933.50859,pg_catalog,pg_user_mapping,3,0,0,0,0,0,0,0,0,0,0,0,0,0,,,,
1430927933.50859,pg_catalog,pg_largeobject,2,0,0,0,0,0,0,0,0,0,0,0,0,0,,,,
1430927933.50859,pg_catalog,pg_namespace,9,54,693,531,0,0,0,0,6,0,3,538,12,863,,,,
1430927933.50859,information_schema,sql_packages,1,10,,,0,0,0,0,10,0,2,0,,,0,0,0,0
1430927933.50859,pg_catalog,pg_authid,161,161,2399,2399,0,0,0,0,1,0,26,2543,88,4714,,,,
1430927933.50859,pg_catalog,pg_index,58,1770,3079,3489,27,0,17,0,123,17,13,3247,12,3438,,,,
1430927933.50859,pg_catalog,pg_ts_dict,3,48,0,0,0,0,0,0,16,0,2,2,0,0,,,,
1430927933.50859,pg_catalog,pg_class,102,7677,8828,7651,122,324,101,69,316,359,29,9550,33,15594,,,,
1430927933.50859,pg_toast,pg_toast_2396,0,0,0,0,0,0,0,0,0,0,0,0,0,0,,,,
1430927933.50859,pg_catalog,pg_enum,4,0,0,0,0,0,0,0,0,0,0,0,0,0,,,,
1430927933.50859,pg_catalog,pg_db_role_setting,26,0,5372,0,0,0,0,0,0,0,0,0,21,5351,0,0,0,0
1430927933.50859,pg_toast,pg_toast_12649,0,0,0,0,0,0,0,0,0,0,0,0,0,0,,,,
1430927933.50859,information_schema,sql_parts,1,9,,,0,0,0,0,9,0,2,0,,,0,0,0,0
1430927933.50859,pg_catalog,pg_seclabel,2,0,252,0,0,0,0,0,0,0,0,0,2,250,0,0,0,0
1430927933.50859,information_schema,sql_implementation_info,1,12,,,0,0,0,0,12,0,2,0,,,0,0,0,0
1430927933.50859,pg_toast,pg_toast_2609,0,0,0,0,0,0,0,0,0,0,0,0,0,0,,,,
1430927933.50859,pg_toast,pg_toast_1255,0,0,0,0,0,0,0,0,0,0,0,0,0,0,,,,
1430927933.50859,pg_toast,pg_toast_12644,0,0,0,0,0,0,0,0,0,0,0,0,0,0,,,,
1430927933.50859,public,history,1,240000,,,540938,0,0,0,540938,0,9094,315033,,,,,,
1430927933.50859,pg_catalog,pg_rewrite,3,327,16,16,0,0,0,0,109,0,27,33,2,26,51,47,8,154
1430927933.50859,pg_catalog,pg_ts_config,3,48,0,0,0,0,0,0,16,0,2,2,0,0,,,,
1430927933.50859,pg_catalog,pg_extension,3,3,0,0,0,0,0,0,1,0,2,2,0,0,,,,
1430927933.50859,pg_catalog,pg_amop,4,1744,1815,2440,0,0,0,0,436,0,12,2448,21,3853,,,,
1430927933.50859,pg_catalog,pg_cast,3,594,12460,2841,0,0,0,0,198,0,6,2843,6,12574,,,,
1430927933.50859,pg_toast,pg_toast_2619,0,0,2491,6735,76,0,15,0,61,15,37,3398,4,2654,,,,
1430927933.50859,pg_toast,pg_toast_12629,0,0,0,0,0,0,0,0,0,0,0,0,0,0,,,,
1430927933.50859,pg_toast,pg_toast_2604,0,0,0,0,0,0,0,0,0,0,0,0,0,0,,,,
1430927933.50859,information_schema,sql_features,1,672,,,0,0,0,0,672,0,14,0,,,0,0,0,0
1430927993.51932,pg_catalog,pg_auth_members,27,0,0,0,0,0,0,0,0,0,0,0,0,0,,,,
1430927993.51932,pg_catalog,pg_operator,3,2295,2915,19745,0,0,0,0,765,0,42,13712,20,6141,,,,
1430927993.51932,pg_catalog,pg_aggregate,2,266,165,165,0,0,0,0,133,0,5,166,2,248,,,,
1430927993.51932,pg_catalog,pg_pltemplate,18,144,0,0,0,0,0,0,8,0,18,9,0,0,,,,
1430927993.51932,pg_catalog,pg_description,2,7372,252,0,0,0,0,0,3686,0,64,32,6,501,0,0,0,0
1430927993.51932,pg_catalog,pg_language,4,16,10,10,0,0,0,0,4,0,2,13,4,18,,,,
1430927993.51932,information_schema,sql_sizing_profiles,1,0,,,0,0,0,0,0,0,0,0,,,0,0,0,0
1430927993.51932,pg_catalog,pg_ts_parser,3,3,0,0,0,0,0,0,1,0,2,2,0,0,,,,
1430927993.51932,pg_catalog,pg_event_trigger,3,0,27,0,0,0,0,0,0,0,0,0,2,25,,,,
1430927993.51932,pg_catalog,pg_shseclabel,18,0,8,0,0,0,0,0,0,0,0,0,8,0,,,,
1430927993.51932,pg_catalog,pg_foreign_table,2,0,0,0,0,0,0,0,0,0,0,0,0,0,,,,
1430927993.51932,pg_toast,pg_toast_12659,0,0,0,0,0,0,0,0,0,0,0,0,0,0,,,,
1430927993.51932,public,customer,6,1440000,1949450,4944519,240000,795054,0,724946,237591,30815,159245,6139628,3478,6310063,,,,
1430927993.51932,public,stock,4,3200000,13170500,9269409,800000,4541506,0,0,813833,1954665,251233,15852051,6409,53282369,,,,
1430927993.51932,pg_catalog,pg_attrdef,3,0,0,0,0,0,0,0,0,0,0,0,0,0,0,0,0,0
1430927993.51932,pg_catalog,pg_ts_template,3,15,0,0,0,0,0,0,5,0,2,2,0,0,,,,
1430927993.51932,pg_catalog,pg_foreign_server,3,0,0,0,0,0,0,0,0,0,0,0,0,0,,,,
1430927993.51932,pg_catalog,pg_default_acl,3,0,59,0,0,0,0,0,0,0,0,0,2,57,,,,
1430927993.51932,pg_toast,pg_toast_12634,0,0,0,0,0,0,0,0,0,0,0,0,0,0,,,,
1430927993.51932,pg_catalog,pg_attribute,70,8050,11060,34133,1401,20,1219,1,2491,1218,147,16546,36,27997,,,,
1430927993.51932,pg_catalog,pg_statistic,2,830,10606,10407,92,415,0,182,92,318,71,11436,14,21985,37,4198,4,3054
1430927993.51932,public,warehouse,644290,3900560,771875,771875,8,413294,0,402953,8,31867,1042,195421024,2,782297,,,,
1430927993.51932,information_schema,sql_sizing,1,23,,,0,0,0,0,23,0,2,0,,,0,0,0,0
1430927993.51932,pg_toast,pg_toast_2618,0,0,78,243,0,0,0,0,0,0,51,55,4,87,,,,
1430927993.51932,pg_toast,pg_toast_3596,0,0,0,0,0,0,0,0,0,0,0,0,0,0,,,,
1430927993.51932,pg_catalog,pg_depend,3,20120,2731,2507,348,0,256,0,6672,256,103,3172,39,6884,,,,
1430927993.51932,information_schema,sql_languages,1,4,,,0,0,0,0,4,0,2,0,,,0,0,0,0
1430927993.51932,pg_catalog,pg_opclass,15,396,1345,18922,0,0,0,0,128,0,9,7204,12,1613,,,,
1430927993.51932,pg_catalog,pg_proc,3,8073,4029,5337,6,0,0,0,2691,0,168,4762,33,8455,0,0,0,0
1430927993.51932,public,new_order,4,288000,763520,711029,504853,0,323550,0,177012,327841,3556,5536301,3360,8292247,,,,
1430927993.51932,pg_catalog,pg_trigger,4,0,0,0,0,0,0,0,0,0,0,0,0,0,0,0,0,0
1430927993.51932,pg_catalog,pg_am,187,199,0,0,0,0,0,0,5,0,3,185,0,0,,,,
1430927993.51932,pg_catalog,pg_largeobject_metadata,2,0,0,0,0,0,0,0,0,0,0,0,0,0,,,,
1430927993.51932,pg_catalog,pg_ts_config_map,2,608,0,0,0,0,0,0,304,0,4,2,0,0,,,,
1430927993.51932,pg_catalog,pg_type,3,1093,5388,5029,173,0,151,0,361,0,26,5403,20,11483,,,,
1430927993.51932,public,orders,6,1440000,801458,942038,672853,381760,0,294071,668562,100709,9862,2003529,7504,5550697,,,,
1430927993.51932,pg_catalog,pg_shdepend,27,27,3058,765,0,0,0,0,1,0,18,783,72,3183,,,,
1430927993.51932,public,item,4,400000,4545797,4541516,100000,0,0,0,100000,0,3845,4549318,276,9112981,,,,
1430927993.51932,pg_catalog,pg_conversion,4,528,0,0,0,0,0,0,132,0,6,9,0,0,,,,
1430927993.51932,pg_catalog,pg_foreign_data_wrapper,3,0,0,0,0,0,0,0,0,0,0,0,0,0,,,,
1430927993.51932,pg_catalog,pg_opfamily,3,258,0,0,0,0,0,0,86,0,4,4,0,0,,,,
1430927993.51932,public,order_line,4,9112860,840101,12315303,6819721,3924402,0,2306503,6778840,2270472,245010,17431158,44420,21167054,,,,
1430927993.51932,pg_catalog,pg_shdescription,18,54,8,0,0,0,0,0,3,0,18,9,16,0,0,0,0,0
1430927993.51932,pg_catalog,pg_tablespace,53,106,824,824,0,0,0,0,2,0,27,859,44,1620,,,,
1430927993.51932,pg_catalog,pg_inherits,3,0,84,0,0,0,0,0,0,0,0,0,2,82,,,,
1430927993.51932,pg_toast,pg_toast_2606,0,0,0,0,0,0,0,0,0,0,0,0,0,0,,,,
1430927993.51932,pg_toast,pg_toast_2964,0,0,0,0,0,0,0,0,0,0,0,0,0,0,,,,
1430927993.51932,pg_catalog,pg_database,325,1158,5553,5535,9,0,8,0,4,0,9,5894,94,8174,,,,
1430927993.51932,pg_toast,pg_toast_2620,0,0,0,0,0,0,0,0,0,0,0,0,0,0,,,,
1430927993.51932,pg_catalog,pg_amproc,15,1056,853,1260,0,0,0,0,344,0,9,878,9,1870,,,,
1430927993.51932,public,district,337288,24668880,1607826,1607826,80,846147,0,840676,80,38878,1746,142831981,7,3215578,,,,
1430927993.51932,pg_catalog,pg_collation,3,2766,0,0,0,0,0,0,922,0,56,56,0,0,,,,
1430927993.51932,pg_catalog,pg_constraint,5,50,8,0,8,0,0,0,10,0,6,33,8,64,0,0,0,0
1430927993.51932,pg_catalog,pg_range,2,12,2,0,0,0,0,0,6,0,2,1,2,2,,,,
1430927993.51932,pg_toast,pg_toast_12639,0,0,0,0,0,0,0,0,0,0,0,0,0,0,,,,
1430927993.51932,pg_toast,pg_toast_12654,0,0,0,0,0,0,0,0,0,0,0,0,0,0,,,,
1430927993.51932,pg_catalog,pg_user_mapping,3,0,0,0,0,0,0,0,0,0,0,0,0,0,,,,
1430927993.51932,pg_catalog,pg_largeobject,2,0,0,0,0,0,0,0,0,0,0,0,0,0,,,,
1430927993.51932,pg_catalog,pg_namespace,11,66,834,666,0,0,0,0,6,0,3,675,12,1012,,,,
1430927993.51932,information_schema,sql_packages,1,10,,,0,0,0,0,10,0,2,0,,,0,0,0,0
1430927993.51932,pg_catalog,pg_authid,162,162,2409,2409,0,0,0,0,1,0,26,2554,88,4734,,,,
1430927993.51932,pg_catalog,pg_index,63,2385,3283,3868,27,0,17,0,123,17,13,3466,12,3655,,,,
1430927993.51932,pg_catalog,pg_ts_dict,3,48,0,0,0,0,0,0,16,0,2,2,0,0,,,,
1430927993.51932,pg_catalog,pg_class,108,9573,9782,8605,122,324,101,69,316,359,29,10552,33,16734,,,,
1430927993.51932,pg_toast,pg_toast_2396,0,0,0,0,0,0,0,0,0,0,0,0,0,0,,,,
1430927993.51932,pg_catalog,pg_enum,4,0,0,0,0,0,0,0,0,0,0,0,0,0,,,,
1430927993.51932,pg_catalog,pg_db_role_setting,26,0,5396,0,0,0,0,0,0,0,0,0,21,5375,0,0,0,0
1430927993.51932,pg_toast,pg_toast_12649,0,0,0,0,0,0,0,0,0,0,0,0,0,0,,,,
1430927993.51932,information_schema,sql_parts,1,9,,,0,0,0,0,9,0,2,0,,,0,0,0,0
1430927993.51932,pg_catalog,pg_seclabel,2,0,252,0,0,0,0,0,0,0,0,0,2,250,0,0,0,0
1430927993.51932,information_schema,sql_implementation_info,1,12,,,0,0,0,0,12,0,2,0,,,0,0,0,0
1430927993.51932,pg_toast,pg_toast_2609,0,0,0,0,0,0,0,0,0,0,0,0,0,0,,,,
1430927993.51932,pg_toast,pg_toast_1255,0,0,0,0,0,0,0,0,0,0,0,0,0,0,,,,
1430927993.51932,pg_toast,pg_toast_12644,0,0,0,0,0,0,0,0,0,0,0,0,0,0,,,,
1430927993.51932,public,history,1,240000,,,653294,0,0,0,653294,0,10357,429915,,,,,,
1430927993.51932,pg_catalog,pg_rewrite,3,327,24,24,0,0,0,0,109,0,27,41,2,40,51,55,8,174
1430927993.51932,pg_catalog,pg_ts_config,3,48,0,0,0,0,0,0,16,0,2,2,0,0,,,,
1430927993.51932,pg_catalog,pg_extension,3,3,0,0,0,0,0,0,1,0,2,2,0,0,,,,
1430927993.51932,pg_catalog,pg_amop,4,1744,1854,2489,0,0,0,0,436,0,12,2497,21,3941,,,,
1430927993.51932,pg_catalog,pg_cast,3,594,12536,2874,0,0,0,0,198,0,6,2876,6,12656,,,,
1430927993.51932,pg_toast,pg_toast_2619,0,0,2891,9055,76,0,15,0,61,15,37,4198,4,3054,,,,
1430927993.51932,pg_toast,pg_toast_12629,0,0,0,0,0,0,0,0,0,0,0,0,0,0,,,,
1430927993.51932,pg_toast,pg_toast_2604,0,0,0,0,0,0,0,0,0,0,0,0,0,0,,,,
1430927993.51932,information_schema,sql_features,1,672,,,0,0,0,0,672,0,14,0,,,0,0,0,0
1430928053.53373,pg_catalog,pg_auth_members,27,0,0,0,0,0,0,0,0,0,0,0,0,0,,,,
1430928053.53373,pg_catalog,pg_operator,3,2295,2931,19761,0,0,0,0,765,0,42,13728,20,6180,,,,
1430928053.53373,pg_catalog,pg_aggregate,2,266,166,166,0,0,0,0,133,0,5,167,2,250,,,,
1430928053.53373,pg_catalog,pg_pltemplate,18,144,0,0,0,0,0,0,8,0,18,9,0,0,,,,
1430928053.53373,pg_catalog,pg_description,2,7372,252,0,0,0,0,0,3686,0,64,32,6,501,0,0,0,0
1430928053.53373,pg_catalog,pg_language,4,16,10,10,0,0,0,0,4,0,2,13,4,18,,,,
1430928053.53373,information_schema,sql_sizing_profiles,1,0,,,0,0,0,0,0,0,0,0,,,0,0,0,0
1430928053.53373,pg_catalog,pg_ts_parser,3,3,0,0,0,0,0,0,1,0,2,2,0,0,,,,
1430928053.53373,pg_catalog,pg_event_trigger,3,0,27,0,0,0,0,0,0,0,0,0,2,25,,,,
1430928053.53373,pg_catalog,pg_shseclabel,18,0,8,0,0,0,0,0,0,0,0,0,8,0,,,,
1430928053.53373,pg_catalog,pg_foreign_table,2,0,0,0,0,0,0,0,0,0,0,0,0,0,,,,
1430928053.53373,pg_toast,pg_toast_12659,0,0,0,0,0,0,0,0,0,0,0,0,0,0,,,,
1430928053.53373,public,customer,6,1440000,2344175,5948058,240000,955588,0,832961,237591,98537,162160,7753302,5279,7827384,,,,
1430928053.53373,public,stock,4,3200000,15783878,11144217,800000,5460953,0,0,971911,1268359,261636,23260211,7218,63957780,,,,
1430928053.53373,pg_catalog,pg_attrdef,3,0,0,0,0,0,0,0,0,0,0,0,0,0,0,0,0,0
1430928053.53373,pg_catalog,pg_ts_template,3,15,0,0,0,0,0,0,5,0,2,2,0,0,,,,
1430928053.53373,pg_catalog,pg_foreign_server,3,0,0,0,0,0,0,0,0,0,0,0,0,0,,,,
1430928053.53373,pg_catalog,pg_default_acl,3,0,59,0,0,0,0,0,0,0,0,0,2,57,,,,
1430928053.53373,pg_toast,pg_toast_12634,0,0,0,0,0,0,0,0,0,0,0,0,0,0,,,,
1430928053.53373,pg_catalog,pg_attribute,70,8050,11574,38058,1401,20,1219,1,2491,1218,149,17459,37,29032,,,,
1430928053.53373,pg_catalog,pg_statistic,2,830,11987,11784,92,415,0,182,92,307,71,12813,14,24751,37,5318,4,3934
1430928053.53373,public,warehouse,756303,4573432,943291,943291,8,497248,0,485099,8,25010,1751,328463506,5,1147492,,,,
1430928053.53373,information_schema,sql_sizing,1,23,,,0,0,0,0,23,0,2,0,,,0,0,0,0
1430928053.53373,pg_toast,pg_toast_2618,0,0,82,257,0,0,0,0,0,0,51,61,4,93,,,,
1430928053.53373,pg_toast,pg_toast_3596,0,0,0,0,0,0,0,0,0,0,0,0,0,0,,,,
1430928053.53373,pg_catalog,pg_depend,3,20120,2731,2507,348,0,256,0,6672,256,103,3172,39,6884,,,,
1430928053.53373,information_schema,sql_languages,1,4,,,0,0,0,0,4,0,2,0,,,0,0,0,0
1430928053.53373,pg_catalog,pg_opclass,15,396,1361,19105,0,0,0,0,128,0,9,7272,13,1637,,,,
1430928053.53373,pg_catalog,pg_proc,3,8073,4101,5437,6,0,0,0,2691,0,168,4846,33,8607,0,0,0,0
1430928053.53373,public,new_order,4,288000,916680,855019,592470,0,389990,0,172672,11643,4008,14876258,3987,10737205,,,,
1430928053.53373,pg_catalog,pg_trigger,4,0,0,0,0,0,0,0,0,0,0,0,0,0,0,0,0,0
1430928053.53373,pg_catalog,pg_am,193,205,0,0,0,0,0,0,5,0,4,190,0,0,,,,
1430928053.53373,pg_catalog,pg_largeobject_metadata,2,0,0,0,0,0,0,0,0,0,0,0,0,0,,,,
1430928053.53373,pg_catalog,pg_ts_config_map,2,608,0,0,0,0,0,0,304,0,4,2,0,0,,,,
1430928053.53373,pg_catalog,pg_type,3,1093,5464,5105,173,0,151,0,361,0,26,5479,20,11639,,,,
1430928053.53373,public,orders,6,1440000,962397,1165617,760470,458340,0,332984,755256,139751,10962,2491465,8714,6790463,,,,
1430928053.53373,pg_catalog,pg_shdepend,27,27,3058,765,0,0,0,0,1,0,18,783,72,3183,,,,
1430928053.53373,public,item,4,400000,5466167,5460965,100000,0,0,0,100000,0,3845,5468767,276,10958081,,,,
1430928053.53373,pg_catalog,pg_conversion,4,528,0,0,0,0,0,0,132,0,6,9,0,0,,,,
1430928053.53373,pg_catalog,pg_foreign_data_wrapper,3,0,0,0,0,0,0,0,0,0,0,0,0,0,,,,
1430928053.53373,pg_catalog,pg_opfamily,3,258,0,0,0,0,0,0,86,0,4,4,0,0,,,,
1430928053.53373,public,order_line,4,9112860,1008837,14780270,7739168,4730193,0,2622070,7689486,2883622,260927,21668421,52747,27272866,,,,
1430928053.53373,pg_catalog,pg_shdescription,18,54,8,0,0,0,0,0,3,0,18,9,16,0,0,0,0,0
1430928053.53373,pg_catalog,pg_tablespace,53,106,824,824,0,0,0,0,2,0,27,859,44,1620,,,,
1430928053.53373,pg_catalog,pg_inherits,3,0,84,0,0,0,0,0,0,0,0,0,2,82,,,,
1430928053.53373,pg_toast,pg_toast_2606,0,0,0,0,0,0,0,0,0,0,0,0,0,0,,,,
1430928053.53373,pg_toast,pg_toast_2964,0,0,0,0,0,0,0,0,0,0,0,0,0,0,,,,
1430928053.53373,pg_catalog,pg_database,325,1158,5553,5535,9,0,8,0,4,0,9,5894,94,8174,,,,
1430928053.53373,pg_toast,pg_toast_2620,0,0,0,0,0,0,0,0,0,0,0,0,0,0,,,,
1430928053.53373,pg_catalog,pg_amproc,15,1056,867,1282,0,0,0,0,344,0,9,892,10,1903,,,,
1430928053.53373,public,district,390660,28485200,1946971,1946971,80,1017718,0,1008147,80,21600,3271,279213007,16,3949171,,,,
1430928053.53373,pg_catalog,pg_collation,3,2766,0,0,0,0,0,0,922,0,56,56,0,0,,,,
1430928053.53373,pg_catalog,pg_constraint,5,50,8,0,8,0,0,0,10,0,6,33,8,64,0,0,0,0
1430928053.53373,pg_catalog,pg_range,2,12,2,0,0,0,0,0,6,0,2,1,2,2,,,,
1430928053.53373,pg_toast,pg_toast_12639,0,0,0,0,0,0,0,0,0,0,0,0,0,0,,,,
1430928053.53373,pg_toast,pg_toast_12654,0,0,0,0,0,0,0,0,0,0,0,0,0,0,,,,
1430928053.53373,pg_catalog,pg_user_mapping,3,0,0,0,0,0,0,0,0,0,0,0,0,0,,,,
1430928053.53373,pg_catalog,pg_largeobject,2,0,0,0,0,0,0,0,0,0,0,0,0,0,,,,
1430928053.53373,pg_catalog,pg_namespace,13,78,969,797,0,0,0,0,6,0,3,808,12,1153,,,,
1430928053.53373,information_schema,sql_packages,1,10,,,0,0,0,0,10,0,2,0,,,0,0,0,0
1430928053.53373,pg_catalog,pg_authid,162,162,2409,2409,0,0,0,0,1,0,26,2554,88,4734,,,,
1430928053.53373,pg_catalog,pg_index,68,3000,3483,4079,27,0,17,0,123,17,13,3681,13,3864,,,,
1430928053.53373,pg_catalog,pg_ts_dict,3,48,0,0,0,0,0,0,16,0,2,2,0,0,,,,
1430928053.53373,pg_catalog,pg_class,114,11469,10906,9729,122,324,101,69,316,359,31,11722,34,18125,,,,
1430928053.53373,pg_toast,pg_toast_2396,0,0,0,0,0,0,0,0,0,0,0,0,0,0,,,,
1430928053.53373,pg_catalog,pg_enum,4,0,0,0,0,0,0,0,0,0,0,0,0,0,,,,
1430928053.53373,pg_catalog,pg_db_role_setting,26,0,5396,0,0,0,0,0,0,0,0,0,21,5375,0,0,0,0
1430928053.53373,pg_toast,pg_toast_12649,0,0,0,0,0,0,0,0,0,0,0,0,0,0,,,,
1430928053.53373,information_schema,sql_parts,1,9,,,0,0,0,0,9,0,2,0,,,0,0,0,0
1430928053.53373,pg_catalog,pg_seclabel,2,0,252,0,0,0,0,0,0,0,0,0,2,250,0,0,0,0
1430928053.53373,information_schema,sql_implementation_info,1,12,,,0,0,0,0,12,0,2,0,,,0,0,0,0
1430928053.53373,pg_toast,pg_toast_2609,0,0,0,0,0,0,0,0,0,0,0,0,0,0,,,,
1430928053.53373,pg_toast,pg_toast_1255,0,0,0,0,0,0,0,0,0,0,0,0,0,0,,,,
1430928053.53373,pg_toast,pg_toast_12644,0,0,0,0,0,0,0,0,0,0,0,0,0,0,,,,
1430928053.53373,public,history,1,240000,,,737248,0,0,0,699378,0,11347,515926,,,,,,
1430928053.53373,pg_catalog,pg_rewrite,3,327,30,30,0,0,0,0,109,0,27,47,2,50,51,61,8,186
1430928053.53373,pg_catalog,pg_ts_config,3,48,0,0,0,0,0,0,16,0,2,2,0,0,,,,
1430928053.53373,pg_catalog,pg_extension,3,3,0,0,0,0,0,0,1,0,2,2,0,0,,,,
1430928053.53373,pg_catalog,pg_amop,4,1744,1881,2522,0,0,0,0,436,0,12,2530,21,4001,,,,
1430928053.53373,pg_catalog,pg_cast,3,594,12598,2897,0,0,0,0,198,0,6,2899,6,12722,,,,
1430928053.53373,pg_toast,pg_toast_2619,0,0,3771,10895,76,0,15,0,61,15,37,5318,4,3934,,,,
1430928053.53373,pg_toast,pg_toast_12629,0,0,0,0,0,0,0,0,0,0,0,0,0,0,,,,
1430928053.53373,pg_toast,pg_toast_2604,0,0,0,0,0,0,0,0,0,0,0,0,0,0,,,,
1430928053.53373,information_schema,sql_features,1,672,,,0,0,0,0,672,0,14,0,,,0,0,0,0
1430928113.52265,pg_catalog,pg_auth_members,27,0,0,0,0,0,0,0,0,0,0,0,0,0,,,,
1430928113.52265,pg_catalog,pg_operator,3,2295,2951,19781,0,0,0,0,765,0,43,13747,23,6228,,,,
1430928113.52265,pg_catalog,pg_aggregate,2,266,167,167,0,0,0,0,133,0,6,167,4,250,,,,
1430928113.52265,pg_catalog,pg_pltemplate,18,144,0,0,0,0,0,0,8,0,18,9,0,0,,,,
1430928113.52265,pg_catalog,pg_description,2,7372,252,0,0,0,0,0,3686,0,64,32,6,501,0,0,0,0
1430928113.52265,pg_catalog,pg_language,4,16,10,10,0,0,0,0,4,0,2,13,4,18,,,,
1430928113.52265,information_schema,sql_sizing_profiles,1,0,,,0,0,0,0,0,0,0,0,,,0,0,0,0
1430928113.52265,pg_catalog,pg_ts_parser,3,3,0,0,0,0,0,0,1,0,2,2,0,0,,,,
1430928113.52265,pg_catalog,pg_event_trigger,3,0,27,0,0,0,0,0,0,0,0,0,2,25,,,,
1430928113.52265,pg_catalog,pg_shseclabel,18,0,8,0,0,0,0,0,0,0,0,0,8,0,,,,
1430928113.52265,pg_catalog,pg_foreign_table,2,0,0,0,0,0,0,0,0,0,0,0,0,0,,,,
1430928113.52265,pg_toast,pg_toast_12659,0,0,0,0,0,0,0,0,0,0,0,0,0,0,,,,
1430928113.52265,public,customer,6,1440000,2695191,6765575,240000,1099143,0,966861,238349,39837,162207,8823641,5281,8951854,,,,
1430928113.52265,public,stock,4,3200000,18086472,12796153,800000,6271875,0,0,971911,2079281,263130,26331178,7227,73373910,,,,
1430928113.52265,pg_catalog,pg_attrdef,3,0,0,0,0,0,0,0,0,0,0,0,0,0,0,0,0,0
1430928113.52265,pg_catalog,pg_ts_template,3,15,0,0,0,0,0,0,5,0,2,2,0,0,,,,
1430928113.52265,pg_catalog,pg_foreign_server,3,0,0,0,0,0,0,0,0,0,0,0,0,0,,,,
1430928113.52265,pg_catalog,pg_default_acl,3,0,59,0,0,0,0,0,0,0,0,0,2,57,,,,
1430928113.52265,pg_toast,pg_toast_12634,0,0,0,0,0,0,0,0,0,0,0,0,0,0,,,,
1430928113.52265,pg_catalog,pg_attribute,70,8050,12663,44474,1401,20,1219,1,2491,1218,160,18861,41,31213,,,,
1430928113.52265,pg_catalog,pg_statistic,2,830,14179,13968,92,415,0,182,92,304,79,14989,16,29140,37,6118,4,4334
1430928113.52265,public,warehouse,852613,5151664,1097349,1097349,8,571763,0,557814,8,27845,2121,472271215,5,1498468,,,,
1430928113.52265,information_schema,sql_sizing,1,23,,,0,0,0,0,23,0,2,0,,,0,0,0,0
1430928113.52265,pg_toast,pg_toast_2618,0,0,88,275,0,0,0,0,0,0,57,63,6,101,,,,
1430928113.52265,pg_toast,pg_toast_3596,0,0,0,0,0,0,0,0,0,0,0,0,0,0,,,,
1430928113.52265,pg_catalog,pg_depend,3,20120,2731,2507,348,0,256,0,6672,256,103,3172,39,6884,,,,
1430928113.52265,information_schema,sql_languages,1,4,,,0,0,0,0,4,0,2,0,,,0,0,0,0
1430928113.52265,pg_catalog,pg_opclass,15,396,1382,19374,0,0,0,0,128,0,9,7373,13,1667,,,,
1430928113.52265,pg_catalog,pg_proc,3,8073,4191,5576,6,0,0,0,2691,0,181,4944,45,8789,0,0,0,0
1430928113.52265,public,new_order,4,288000,1054760,985616,669777,0,451120,0,210952,26849,4218,17367209,4351,11730571,,,,
1430928113.52265,pg_catalog,pg_trigger,4,0,0,0,0,0,0,0,0,0,0,0,0,0,0,0,0,0
1430928113.52265,pg_catalog,pg_am,198,210,0,0,0,0,0,0,5,0,4,195,0,0,,,,
1430928113.52265,pg_catalog,pg_largeobject_metadata,2,0,0,0,0,0,0,0,0,0,0,0,0,0,,,,
1430928113.52265,pg_catalog,pg_ts_config_map,2,608,0,0,0,0,0,0,304,0,4,2,0,0,,,,
1430928113.52265,pg_catalog,pg_type,3,1093,5592,5233,173,0,151,0,361,0,27,5606,20,11902,,,,
1430928113.52265,public,orders,6,1440000,1107353,1378320,837777,527380,0,378668,831798,168016,11762,2912716,9470,7833375,,,,
1430928113.52265,pg_catalog,pg_shdepend,27,27,3058,765,0,0,0,0,1,0,18,783,72,3183,,,,
1430928113.52265,public,item,4,400000,6277854,6271887,100000,0,0,0,100000,0,3845,6279689,276,12585301,,,,
1430928113.52265,pg_catalog,pg_conversion,4,528,0,0,0,0,0,0,132,0,6,9,0,0,,,,
1430928113.52265,pg_catalog,pg_foreign_data_wrapper,3,0,0,0,0,0,0,0,0,0,0,0,0,0,,,,
1430928113.52265,pg_catalog,pg_opfamily,3,258,0,0,0,0,0,0,86,0,4,4,0,0,,,,
1430928113.52265,public,order_line,4,9112860,1160572,16979127,8550090,5454409,0,3040356,8493135,3318064,274331,24827078,60147,32376805,,,,
1430928113.52265,pg_catalog,pg_shdescription,18,54,8,0,0,0,0,0,3,0,18,9,16,0,0,0,0,0
1430928113.52265,pg_catalog,pg_tablespace,53,106,824,824,0,0,0,0,2,0,27,859,44,1620,,,,
1430928113.52265,pg_catalog,pg_inherits,3,0,84,0,0,0,0,0,0,0,0,0,2,82,,,,
1430928113.52265,pg_toast,pg_toast_2606,0,0,0,0,0,0,0,0,0,0,0,0,0,0,,,,
1430928113.52265,pg_toast,pg_toast_2964,0,0,0,0,0,0,0,0,0,0,0,0,0,0,,,,
1430928113.52265,pg_catalog,pg_database,325,1158,5553,5535,9,0,8,0,4,0,9,5894,94,8174,,,,
1430928113.52265,pg_toast,pg_toast_2620,0,0,0,0,0,0,0,0,0,0,0,0,0,0,,,,
1430928113.52265,pg_catalog,pg_amproc,15,1056,887,1311,0,0,0,0,344,0,9,912,10,1948,,,,
1430928113.52265,public,district,436200,31721200,2247036,2247036,80,1169540,0,1157351,80,23994,4168,434431822,16,4603930,,,,
1430928113.52265,pg_catalog,pg_collation,3,2766,0,0,0,0,0,0,922,0,56,56,0,0,,,,
1430928113.52265,pg_catalog,pg_constraint,5,50,8,0,8,0,0,0,10,0,6,33,8,64,0,0,0,0
1430928113.52265,pg_catalog,pg_range,2,12,2,0,0,0,0,0,6,0,2,1,2,2,,,,
1430928113.52265,pg_toast,pg_toast_12639,0,0,0,0,0,0,0,0,0,0,0,0,0,0,,,,
1430928113.52265,pg_toast,pg_toast_12654,0,0,0,0,0,0,0,0,0,0,0,0,0,0,,,,
1430928113.52265,pg_catalog,pg_user_mapping,3,0,0,0,0,0,0,0,0,0,0,0,0,0,,,,
1430928113.52265,pg_catalog,pg_largeobject,2,0,0,0,0,0,0,0,0,0,0,0,0,0,,,,
1430928113.52265,pg_catalog,pg_namespace,15,90,1113,934,0,0,0,0,6,0,4,946,16,1302,,,,
1430928113.52265,information_schema,sql_packages,1,10,,,0,0,0,0,10,0,2,0,,,0,0,0,0
1430928113.52265,pg_catalog,pg_authid,162,162,2409,2409,0,0,0,0,1,0,26,2554,88,4734,,,,
1430928113.52265,pg_catalog,pg_index,73,3615,4001,4774,27,0,17,0,123,17,13,4214,14,4393,,,,
1430928113.52265,pg_catalog,pg_ts_dict,3,48,0,0,0,0,0,0,16,0,2,2,0,0,,,,
1430928113.52265,pg_catalog,pg_class,121,13681,13195,12018,122,324,101,69,316,359,32,14066,36,20993,,,,
1430928113.52265,pg_toast,pg_toast_2396,0,0,0,0,0,0,0,0,0,0,0,0,0,0,,,,
1430928113.52265,pg_catalog,pg_enum,4,0,0,0,0,0,0,0,0,0,0,0,0,0,,,,
1430928113.52265,pg_catalog,pg_db_role_setting,26,0,5396,0,0,0,0,0,0,0,0,0,21,5375,0,0,0,0
1430928113.52265,pg_toast,pg_toast_12649,0,0,0,0,0,0,0,0,0,0,0,0,0,0,,,,
1430928113.52265,information_schema,sql_parts,1,9,,,0,0,0,0,9,0,2,0,,,0,0,0,0
1430928113.52265,pg_catalog,pg_seclabel,2,0,252,0,0,0,0,0,0,0,0,0,2,250,0,0,0,0
1430928113.52265,information_schema,sql_implementation_info,1,12,,,0,0,0,0,12,0,2,0,,,0,0,0,0
1430928113.52265,pg_toast,pg_toast_2609,0,0,0,0,0,0,0,0,0,0,0,0,0,0,,,,
1430928113.52265,pg_toast,pg_toast_1255,0,0,0,0,0,0,0,0,0,0,0,0,0,0,,,,
1430928113.52265,pg_toast,pg_toast_12644,0,0,0,0,0,0,0,0,0,0,0,0,0,0,,,,
1430928113.52265,public,history,1,240000,,,811763,0,0,0,800023,0,12224,592275,,,,,,
1430928113.52265,pg_catalog,pg_rewrite,3,327,39,39,0,0,0,0,109,0,32,51,4,64,57,63,12,202
1430928113.52265,pg_catalog,pg_ts_config,3,48,0,0,0,0,0,0,16,0,2,2,0,0,,,,
1430928113.52265,pg_catalog,pg_extension,3,3,0,0,0,0,0,0,1,0,2,2,0,0,,,,
1430928113.52265,pg_catalog,pg_amop,4,1744,1930,2583,0,0,0,0,436,0,13,2590,21,4111,,,,
1430928113.52265,pg_catalog,pg_cast,3,594,12703,2936,0,0,0,0,198,0,6,2938,6,12834,,,,
1430928113.52265,pg_toast,pg_toast_2619,0,0,4171,13215,76,0,15,0,61,15,37,6118,4,4334,,,,
1430928113.52265,pg_toast,pg_toast_12629,0,0,0,0,0,0,0,0,0,0,0,0,0,0,,,,
1430928113.52265,pg_toast,pg_toast_2604,0,0,0,0,0,0,0,0,0,0,0,0,0,0,,,,
1430928113.52265,information_schema,sql_features,1,672,,,0,0,0,0,672,0,14,0,,,0,0,0,0
1430928173.52672,pg_catalog,pg_auth_members,27,0,0,0,0,0,0,0,0,0,0,0,0,0,,,,
1430928173.52672,pg_catalog,pg_operator,3,2295,2979,19809,0,0,0,0,765,0,43,13775,23,6290,,,,
1430928173.52672,pg_catalog,pg_aggregate,2,266,168,168,0,0,0,0,133,0,6,168,4,252,,,,
1430928173.52672,pg_catalog,pg_pltemplate,18,144,0,0,0,0,0,0,8,0,18,9,0,0,,,,
1430928173.52672,pg_catalog,pg_description,2,7372,252,0,0,0,0,0,3686,0,64,32,6,501,0,0,0,0
1430928173.52672,pg_catalog,pg_language,4,16,10,10,0,0,0,0,4,0,2,13,4,18,,,,
1430928173.52672,information_schema,sql_sizing_profiles,1,0,,,0,0,0,0,0,0,0,0,,,0,0,0,0
1430928173.52672,pg_catalog,pg_ts_parser,3,3,0,0,0,0,0,0,1,0,2,2,0,0,,,,
1430928173.52672,pg_catalog,pg_event_trigger,3,0,27,0,0,0,0,0,0,0,0,0,2,25,,,,
1430928173.52672,pg_catalog,pg_shseclabel,18,0,8,0,0,0,0,0,0,0,0,0,8,0,,,,
1430928173.52672,pg_catalog,pg_foreign_table,2,0,0,0,0,0,0,0,0,0,0,0,0,0,,,,
1430928173.52672,pg_toast,pg_toast_12659,0,0,0,0,0,0,0,0,0,0,0,0,0,0,,,,
1430928173.52672,public,customer,6,1440000,3062700,7688007,240000,1249375,0,1114768,238349,43341,162219,10051415,5281,10085600,,,,
1430928173.52672,public,stock,4,3200000,20505489,14537846,800000,7126686,0,0,971911,2934092,265140,29136426,7240,83281018,,,,
1430928173.52672,pg_catalog,pg_attrdef,3,0,0,0,0,0,0,0,0,0,0,0,0,0,0,0,0,0
1430928173.52672,pg_catalog,pg_ts_template,3,15,0,0,0,0,0,0,5,0,2,2,0,0,,,,
1430928173.52672,pg_catalog,pg_foreign_server,3,0,0,0,0,0,0,0,0,0,0,0,0,0,,,,
1430928173.52672,pg_catalog,pg_default_acl,3,0,59,0,0,0,0,0,0,0,0,0,2,57,,,,
1430928173.52672,pg_toast,pg_toast_12634,0,0,0,0,0,0,0,0,0,0,0,0,0,0,,,,
1430928173.52672,pg_catalog,pg_attribute,70,8050,13706,51066,1401,20,1219,1,2491,0,228,20450,62,33350,,,,
1430928173.52672,pg_catalog,pg_statistic,2,830,15835,15620,92,533,0,203,491,125,112,17078,16,32735,51,6308,4,4444
1430928173.52672,public,warehouse,953862,5759952,1257949,1257949,8,649375,0,633345,8,31564,2221,638521213,5,1864682,,,,
1430928173.52672,information_schema,sql_sizing,1,23,,,0,0,0,0,23,0,2,0,,,0,0,0,0
1430928173.52672,pg_toast,pg_toast_2618,0,0,92,289,0,0,0,0,0,0,57,69,6,107,,,,
1430928173.52672,pg_toast,pg_toast_3596,0,0,0,0,0,0,0,0,0,0,0,0,0,0,,,,
1430928173.52672,pg_catalog,pg_depend,3,20120,2731,2507,348,0,256,0,6672,256,103,3172,39,6884,,,,
1430928173.52672,information_schema,sql_languages,1,4,,,0,0,0,0,4,0,2,0,,,0,0,0,0
1430928173.52672,pg_catalog,pg_opclass,15,396,1596,20648,0,0,0,0,128,0,9,7899,13,1890,,,,
1430928173.52672,pg_catalog,pg_proc,3,8073,4257,5663,6,0,0,0,2691,0,181,5019,45,8927,0,0,0,0
1430928173.52672,public,new_order,4,288000,1200000,1122050,751189,0,514400,0,228272,90941,4663,18145062,4351,12912062,,,,
1430928173.52672,pg_catalog,pg_trigger,4,0,0,0,0,0,0,0,0,0,0,0,0,0,0,0,0,0
1430928173.52672,pg_catalog,pg_am,204,216,0,0,0,0,0,0,5,0,4,201,0,0,,,,
1430928173.52672,pg_catalog,pg_largeobject_metadata,2,0,0,0,0,0,0,0,0,0,0,0,0,0,,,,
1430928173.52672,pg_catalog,pg_ts_config_map,2,608,0,0,0,0,0,0,304,0,4,2,0,0,,,,
1430928173.52672,pg_catalog,pg_type,3,1093,5665,5306,173,0,151,0,361,0,27,5679,20,12052,,,,
1430928173.52672,public,orders,6,1440000,1259811,1607530,919189,600000,0,439743,908859,34678,11832,3367414,11697,8861453,,,,
1430928173.52672,pg_catalog,pg_shdepend,27,27,3058,765,0,0,0,0,1,0,18,783,72,3183,,,,
1430928173.52672,public,item,4,400000,7133477,7126700,100000,0,0,0,100000,0,3845,7134502,276,14300665,,,,
1430928173.52672,pg_catalog,pg_conversion,4,528,0,0,0,0,0,0,132,0,6,9,0,0,,,,
1430928173.52672,pg_catalog,pg_foreign_data_wrapper,3,0,0,0,0,0,0,0,0,0,0,0,0,0,,,,
1430928173.52672,pg_catalog,pg_opfamily,3,258,0,0,0,0,0,0,86,0,4,4,0,0,,,,
1430928173.52672,public,order_line,4,9112860,1320280,19284528,9404901,6215508,0,3574109,9340256,3655444,287460,27738496,67497,37374320,,,,
1430928173.52672,pg_catalog,pg_shdescription,18,54,8,0,0,0,0,0,3,0,18,9,16,0,0,0,0,0
1430928173.52672,pg_catalog,pg_tablespace,53,106,839,839,0,0,0,0,2,0,28,873,46,1648,,,,
1430928173.52672,pg_catalog,pg_inherits,3,0,84,0,0,0,0,0,0,0,0,0,2,82,,,,
1430928173.52672,pg_toast,pg_toast_2606,0,0,0,0,0,0,0,0,0,0,0,0,0,0,,,,
1430928173.52672,pg_toast,pg_toast_2964,0,0,0,0,0,0,0,0,0,0,0,0,0,0,,,,
1430928173.52672,pg_catalog,pg_database,329,1174,5864,5846,9,0,8,0,4,0,10,6208,98,8513,,,,
1430928173.52672,pg_toast,pg_toast_2620,0,0,0,0,0,0,0,0,0,0,0,0,0,0,,,,
1430928173.52672,pg_catalog,pg_amproc,15,1056,1082,1591,0,0,0,0,344,0,9,1101,10,2344,,,,
1430928173.52672,public,district,460882,33476800,2582456,2582456,80,1328564,0,1315914,3,2019,4249,527966985,17,5329670,,,,
1430928173.52672,pg_catalog,pg_collation,3,2766,0,0,0,0,0,0,922,0,56,56,0,0,,,,
1430928173.52672,pg_catalog,pg_constraint,5,50,8,0,8,0,0,0,10,0,6,33,8,64,0,0,0,0
1430928173.52672,pg_catalog,pg_range,2,12,2,0,0,0,0,0,6,0,2,1,2,2,,,,
1430928173.52672,pg_toast,pg_toast_12639,0,0,0,0,0,0,0,0,0,0,0,0,0,0,,,,
1430928173.52672,pg_toast,pg_toast_12654,0,0,0,0,0,0,0,0,0,0,0,0,0,0,,,,
1430928173.52672,pg_catalog,pg_user_mapping,3,0,0,0,0,0,0,0,0,0,0,0,0,0,,,,
1430928173.52672,pg_catalog,pg_largeobject,2,0,0,0,0,0,0,0,0,0,0,0,0,0,,,,
1430928173.52672,pg_catalog,pg_namespace,17,102,1247,1065,0,0,0,0,6,0,4,1079,16,1442,,,,
1430928173.52672,information_schema,sql_packages,1,10,,,0,0,0,0,10,0,2,0,,,0,0,0,0
1430928173.52672,pg_catalog,pg_authid,165,165,2440,2440,0,0,0,0,1,0,27,2587,92,4792,,,,
1430928173.52672,pg_catalog,pg_index,78,4230,4459,5407,27,0,17,0,123,17,13,4686,14,4861,,,,
1430928173.52672,pg_catalog,pg_ts_dict,3,48,0,0,0,0,0,0,16,0,2,2,0,0,,,,
1430928173.52672,pg_catalog,pg_class,131,16227,14908,13731,122,324,101,69,316,0,36,15917,37,23048,,,,
1430928173.52672,pg_toast,pg_toast_2396,0,0,0,0,0,0,0,0,0,0,0,0,0,0,,,,
1430928173.52672,pg_catalog,pg_enum,4,0,0,0,0,0,0,0,0,0,0,0,0,0,,,,
1430928173.52672,pg_catalog,pg_db_role_setting,26,0,5460,0,0,0,0,0,0,0,0,0,22,5438,0,0,0,0
1430928173.52672,pg_toast,pg_toast_12649,0,0,0,0,0,0,0,0,0,0,0,0,0,0,,,,
1430928173.52672,information_schema,sql_parts,1,9,,,0,0,0,0,9,0,2,0,,,0,0,0,0
1430928173.52672,pg_catalog,pg_seclabel,2,0,252,0,0,0,0,0,0,0,0,0,2,250,0,0,0,0
1430928173.52672,information_schema,sql_implementation_info,1,12,,,0,0,0,0,12,0,2,0,,,0,0,0,0
1430928173.52672,pg_toast,pg_toast_2609,0,0,0,0,0,0,0,0,0,0,0,0,0,0,,,,
1430928173.52672,pg_toast,pg_toast_1255,0,0,0,0,0,0,0,0,0,0,0,0,0,0,,,,
1430928173.52672,pg_toast,pg_toast_12644,0,0,0,0,0,0,0,0,0,0,0,0,0,0,,,,
1430928173.52672,public,history,1,240000,,,889375,0,0,0,877635,0,15666,676184,,,,,,
1430928173.52672,pg_catalog,pg_rewrite,3,327,44,44,0,0,0,0,109,0,32,56,4,72,57,69,12,214
1430928173.52672,pg_catalog,pg_ts_config,3,48,0,0,0,0,0,0,16,0,2,2,0,0,,,,
1430928173.52672,pg_catalog,pg_extension,3,3,0,0,0,0,0,0,1,0,2,2,0,0,,,,
1430928173.52672,pg_catalog,pg_amop,4,1744,1998,2656,0,0,0,0,436,0,13,2663,23,4251,,,,
1430928173.52672,pg_catalog,pg_cast,3,594,13094,2982,0,0,0,0,198,0,6,2984,6,13229,,,,
1430928173.52672,pg_toast,pg_toast_2619,0,0,4225,13325,131,0,70,0,61,70,51,6308,4,4444,,,,
1430928173.52672,pg_toast,pg_toast_12629,0,0,0,0,0,0,0,0,0,0,0,0,0,0,,,,
1430928173.52672,pg_toast,pg_toast_2604,0,0,0,0,0,0,0,0,0,0,0,0,0,0,,,,
1430928173.52672,information_schema,sql_features,1,672,,,0,0,0,0,672,0,14,0,,,0,0,0,0
1430928233.52933,pg_catalog,pg_auth_members,27,0,0,0,0,0,0,0,0,0,0,0,0,0,,,,
1430928233.52933,pg_catalog,pg_operator,3,2295,2997,19827,0,0,0,0,765,0,43,13793,23,6335,,,,
1430928233.52933,pg_catalog,pg_aggregate,2,266,169,169,0,0,0,0,133,0,6,169,4,254,,,,
1430928233.52933,pg_catalog,pg_pltemplate,18,144,0,0,0,0,0,0,8,0,18,9,0,0,,,,
1430928233.52933,pg_catalog,pg_description,2,7372,252,0,0,0,0,0,3686,0,64,32,6,501,0,0,0,0
1430928233.52933,pg_catalog,pg_language,4,16,10,10,0,0,0,0,4,0,2,13,4,18,,,,
1430928233.52933,information_schema,sql_sizing_profiles,1,0,,,0,0,0,0,0,0,0,0,,,0,0,0,0
1430928233.52933,pg_catalog,pg_ts_parser,3,3,0,0,0,0,0,0,1,0,2,2,0,0,,,,
1430928233.52933,pg_catalog,pg_event_trigger,3,0,27,0,0,0,0,0,0,0,0,0,2,25,,,,
1430928233.52933,pg_catalog,pg_shseclabel,18,0,8,0,0,0,0,0,0,0,0,0,8,0,,,,
1430928233.52933,pg_catalog,pg_foreign_table,2,0,0,0,0,0,0,0,0,0,0,0,0,0,,,,
1430928233.52933,pg_toast,pg_toast_12659,0,0,0,0,0,0,0,0,0,0,0,0,0,0,,,,
1430928233.52933,public,customer,6,1440000,3621978,9112918,240000,1476990,0,1339845,238349,45863,162227,11793471,5281,11799806,,,,
1430928233.52933,public,stock,4,3200000,24218768,17189771,800000,8427387,0,0,971911,4234793,266363,33175434,7255,98443945,,,,
1430928233.52933,pg_catalog,pg_attrdef,3,0,0,0,0,0,0,0,0,0,0,0,0,0,0,0,0,0
1430928233.52933,pg_catalog,pg_ts_template,3,15,0,0,0,0,0,0,5,0,2,2,0,0,,,,
1430928233.52933,pg_catalog,pg_foreign_server,3,0,0,0,0,0,0,0,0,0,0,0,0,0,,,,
1430928233.52933,pg_catalog,pg_default_acl,3,0,59,0,0,0,0,0,0,0,0,0,2,57,,,,
1430928233.52933,pg_toast,pg_toast_12634,0,0,0,0,0,0,0,0,0,0,0,0,0,0,,,,
1430928233.52933,pg_catalog,pg_attribute,70,8050,13918,51415,1401,20,1219,1,2491,0,228,20665,62,33780,,,,
1430928233.52933,pg_catalog,pg_statistic,2,830,15864,15641,92,533,0,203,491,125,112,17099,16,32799,51,6308,4,4444
1430928233.52933,public,warehouse,1110225,6699168,1501827,1501827,8,768010,0,748851,8,36942,2351,908159348,5,2420190,,,,
1430928233.52933,information_schema,sql_sizing,1,23,,,0,0,0,0,23,0,2,0,,,0,0,0,0
1430928233.52933,pg_toast,pg_toast_2618,0,0,98,307,0,0,0,0,0,0,57,77,6,117,,,,
1430928233.52933,pg_toast,pg_toast_3596,0,0,0,0,0,0,0,0,0,0,0,0,0,0,,,,
1430928233.52933,pg_catalog,pg_depend,3,20120,2731,2507,348,0,256,0,6672,256,103,3172,39,6884,,,,
1430928233.52933,information_schema,sql_languages,1,4,,,0,0,0,0,4,0,2,0,,,0,0,0,0
1430928233.52933,pg_catalog,pg_opclass,15,396,1612,20831,0,0,0,0,128,0,9,7967,13,1913,,,,
1430928233.52933,pg_catalog,pg_proc,3,8073,4341,5789,6,0,0,0,2691,0,181,5121,45,9107,0,0,0,0
1430928233.52933,public,new_order,4,288000,1417960,1325709,875199,0,607840,0,257555,185668,4920,19124449,4351,15428327,,,,
1430928233.52933,pg_catalog,pg_trigger,4,0,0,0,0,0,0,0,0,0,0,0,0,0,0,0,0,0
1430928233.52933,pg_catalog,pg_am,208,220,0,0,0,0,0,0,5,0,4,205,0,0,,,,
1430928233.52933,pg_catalog,pg_largeobject_metadata,2,0,0,0,0,0,0,0,0,0,0,0,0,0,,,,
1430928233.52933,pg_catalog,pg_ts_config_map,2,608,0,0,0,0,0,0,304,0,4,2,0,0,,,,
1430928233.52933,pg_catalog,pg_type,3,1093,5773,5414,173,0,151,0,361,0,27,5787,20,12274,,,,
1430928233.52933,public,orders,6,1440000,1488707,1972873,1043199,708980,0,531363,1031582,52508,12930,4015880,13457,10403874,,,,
1430928233.52933,pg_catalog,pg_shdepend,27,27,3058,765,0,0,0,0,1,0,18,783,72,3183,,,,
1430928233.52933,public,item,4,400000,8435465,8427402,100000,0,0,0,100000,0,3845,8435204,276,16910839,,,,
1430928233.52933,pg_catalog,pg_conversion,4,528,0,0,0,0,0,0,132,0,6,9,0,0,,,,
1430928233.52933,pg_catalog,pg_foreign_data_wrapper,3,0,0,0,0,0,0,0,0,0,0,0,0,0,,,,
1430928233.52933,pg_catalog,pg_opfamily,3,258,0,0,0,0,0,0,86,0,4,4,0,0,,,,
1430928233.52933,public,order_line,4,9112860,1560261,22798634,10705602,7361008,0,4402268,10628790,4127403,306907,32039017,78626,44851894,,,,
1430928233.52933,pg_catalog,pg_shdescription,18,54,8,0,0,0,0,0,3,0,18,9,16,0,0,0,0,0
1430928233.52933,pg_catalog,pg_tablespace,53,106,839,839,0,0,0,0,2,0,28,873,46,1648,,,,
1430928233.52933,pg_catalog,pg_inherits,3,0,84,0,0,0,0,0,0,0,0,0,2,82,,,,
1430928233.52933,pg_toast,pg_toast_2606,0,0,0,0,0,0,0,0,0,0,0,0,0,0,,,,
1430928233.52933,pg_toast,pg_toast_2964,0,0,0,0,0,0,0,0,0,0,0,0,0,0,,,,
1430928233.52933,pg_catalog,pg_database,329,1174,5864,5846,9,0,8,0,4,0,10,6208,98,8513,,,,
1430928233.52933,pg_toast,pg_toast_2620,0,0,0,0,0,0,0,0,0,0,0,0,0,0,,,,
1430928233.52933,pg_catalog,pg_amproc,15,1056,1098,1615,0,0,0,0,344,0,9,1117,10,2380,,,,
1430928233.52933,public,district,460882,33476800,3129352,3129352,80,1571209,0,1558452,3,3545,4249,529747727,17,6511963,,,,
1430928233.52933,pg_catalog,pg_collation,3,2766,0,0,0,0,0,0,922,0,56,56,0,0,,,,
1430928233.52933,pg_catalog,pg_constraint,5,50,8,0,8,0,0,0,10,0,6,33,8,64,0,0,0,0
1430928233.52933,pg_catalog,pg_range,2,12,2,0,0,0,0,0,6,0,2,1,2,2,,,,
1430928233.52933,pg_toast,pg_toast_12639,0,0,0,0,0,0,0,0,0,0,0,0,0,0,,,,
1430928233.52933,pg_toast,pg_toast_12654,0,0,0,0,0,0,0,0,0,0,0,0,0,0,,,,
1430928233.52933,pg_catalog,pg_user_mapping,3,0,0,0,0,0,0,0,0,0,0,0,0,0,,,,
1430928233.52933,pg_catalog,pg_largeobject,2,0,0,0,0,0,0,0,0,0,0,0,0,0,,,,
1430928233.52933,pg_catalog,pg_namespace,19,114,1388,1200,0,0,0,0,6,0,4,1216,16,1591,,,,
1430928233.52933,information_schema,sql_packages,1,10,,,0,0,0,0,10,0,2,0,,,0,0,0,0
1430928233.52933,pg_catalog,pg_authid,165,165,2440,2440,0,0,0,0,1,0,27,2587,92,4792,,,,
1430928233.52933,pg_catalog,pg_index,83,4845,4500,5463,27,0,17,0,123,17,13,4742,14,4912,,,,
1430928233.52933,pg_catalog,pg_ts_dict,3,48,0,0,0,0,0,0,16,0,2,2,0,0,,,,
1430928233.52933,pg_catalog,pg_class,137,18123,15216,13916,122,324,101,69,316,0,36,16151,37,23379,,,,
1430928233.52933,pg_toast,pg_toast_2396,0,0,0,0,0,0,0,0,0,0,0,0,0,0,,,,
1430928233.52933,pg_catalog,pg_enum,4,0,0,0,0,0,0,0,0,0,0,0,0,0,,,,
1430928233.52933,pg_catalog,pg_db_role_setting,26,0,5460,0,0,0,0,0,0,0,0,0,22,5438,0,0,0,0
1430928233.52933,pg_toast,pg_toast_12649,0,0,0,0,0,0,0,0,0,0,0,0,0,0,,,,
1430928233.52933,information_schema,sql_parts,1,9,,,0,0,0,0,9,0,2,0,,,0,0,0,0
1430928233.52933,pg_catalog,pg_seclabel,2,0,252,0,0,0,0,0,0,0,0,0,2,250,0,0,0,0
1430928233.52933,information_schema,sql_implementation_info,1,12,,,0,0,0,0,12,0,2,0,,,0,0,0,0
1430928233.52933,pg_toast,pg_toast_2609,0,0,0,0,0,0,0,0,0,0,0,0,0,0,,,,
1430928233.52933,pg_toast,pg_toast_1255,0,0,0,0,0,0,0,0,0,0,0,0,0,0,,,,
1430928233.52933,pg_toast,pg_toast_12644,0,0,0,0,0,0,0,0,0,0,0,0,0,0,,,,
1430928233.52933,public,history,1,240000,,,1008010,0,0,0,996270,0,17002,797491,,,,,,
1430928233.52933,pg_catalog,pg_rewrite,3,327,52,52,0,0,0,0,109,0,32,64,4,86,57,77,12,234
1430928233.52933,pg_catalog,pg_ts_config,3,48,0,0,0,0,0,0,16,0,2,2,0,0,,,,
1430928233.52933,pg_catalog,pg_extension,3,3,0,0,0,0,0,0,1,0,2,2,0,0,,,,
1430928233.52933,pg_catalog,pg_amop,4,1744,2037,2705,0,0,0,0,436,0,13,2712,23,4339,,,,
1430928233.52933,pg_catalog,pg_cast,3,594,13170,3015,0,0,0,0,198,0,6,3017,6,13311,,,,
1430928233.52933,pg_toast,pg_toast_2619,0,0,4225,13325,131,0,70,0,61,70,51,6308,4,4444,,,,
1430928233.52933,pg_toast,pg_toast_12629,0,0,0,0,0,0,0,0,0,0,0,0,0,0,,,,
1430928233.52933,pg_toast,pg_toast_2604,0,0,0,0,0,0,0,0,0,0,0,0,0,0,,,,
1430928233.52933,information_schema,sql_features,1,672,,,0,0,0,0,672,0,14,0,,,0,0,0,0
1430928293.57318,pg_catalog,pg_auth_members,27,0,0,0,0,0,0,0,0,0,0,0,0,0,,,,
1430928293.57318,pg_catalog,pg_operator,3,2295,3013,19843,0,0,0,0,765,0,43,13809,23,6374,,,,
1430928293.57318,pg_catalog,pg_aggregate,2,266,170,170,0,0,0,0,133,0,6,170,4,256,,,,
1430928293.57318,pg_catalog,pg_pltemplate,18,144,0,0,0,0,0,0,8,0,18,9,0,0,,,,
1430928293.57318,pg_catalog,pg_description,2,7372,252,0,0,0,0,0,3686,0,64,32,6,501,0,0,0,0
1430928293.57318,pg_catalog,pg_language,4,16,10,10,0,0,0,0,4,0,2,13,4,18,,,,
1430928293.57318,information_schema,sql_sizing_profiles,1,0,,,0,0,0,0,0,0,0,0,,,0,0,0,0
1430928293.57318,pg_catalog,pg_ts_parser,3,3,0,0,0,0,0,0,1,0,2,2,0,0,,,,
1430928293.57318,pg_catalog,pg_event_trigger,3,0,27,0,0,0,0,0,0,0,0,0,2,25,,,,
1430928293.57318,pg_catalog,pg_shseclabel,18,0,8,0,0,0,0,0,0,0,0,0,8,0,,,,
1430928293.57318,pg_catalog,pg_foreign_table,2,0,0,0,0,0,0,0,0,0,0,0,0,0,,,,
1430928293.57318,pg_toast,pg_toast_12659,0,0,0,0,0,0,0,0,0,0,0,0,0,0,,,,
1430928293.57318,public,customer,6,1440000,4027134,10139624,240000,1643722,0,1482139,238349,88955,162261,13193562,5286,13177189,,,,
1430928293.57318,public,stock,4,3200000,26894976,19110246,800000,9369453,0,0,893279,1839303,268408,38719788,7350,109386447,,,,
1430928293.57318,pg_catalog,pg_attrdef,3,0,0,0,0,0,0,0,0,0,0,0,0,0,0,0,0,0
1430928293.57318,pg_catalog,pg_ts_template,3,15,0,0,0,0,0,0,5,0,2,2,0,0,,,,
1430928293.57318,pg_catalog,pg_foreign_server,3,0,0,0,0,0,0,0,0,0,0,0,0,0,,,,
1430928293.57318,pg_catalog,pg_default_acl,3,0,59,0,0,0,0,0,0,0,0,0,2,57,,,,
1430928293.57318,pg_toast,pg_toast_12634,0,0,0,0,0,0,0,0,0,0,0,0,0,0,,,,
1430928293.57318,pg_catalog,pg_attribute,70,8050,14328,53433,1401,20,1219,1,2491,0,228,21236,62,34683,,,,
1430928293.57318,pg_catalog,pg_statistic,2,830,15885,15658,92,533,0,203,491,125,112,17116,16,32845,51,6308,4,4444
1430928293.57318,public,warehouse,1223630,7381008,1676491,1676491,8,853102,0,831976,8,74543,2922,1124858085,5,2817451,,,,
1430928293.57318,information_schema,sql_sizing,1,23,,,0,0,0,0,23,0,2,0,,,0,0,0,0
1430928293.57318,pg_toast,pg_toast_2618,0,0,102,321,0,0,0,0,0,0,57,83,6,123,,,,
1430928293.57318,pg_toast,pg_toast_3596,0,0,0,0,0,0,0,0,0,0,0,0,0,0,,,,
1430928293.57318,pg_catalog,pg_depend,3,20120,2731,2507,348,0,256,0,6672,256,103,3172,39,6884,,,,
1430928293.57318,information_schema,sql_languages,1,4,,,0,0,0,0,4,0,2,0,,,0,0,0,0
1430928293.57318,pg_catalog,pg_opclass,15,396,1702,21088,0,0,0,0,128,0,9,8109,13,2007,,,,
1430928293.57318,pg_catalog,pg_proc,3,8073,4413,5889,6,0,0,0,2691,0,181,5205,45,9259,0,0,0,0
1430928293.57318,public,new_order,4,288000,1581240,1476581,964909,0,675730,0,278509,254424,5358,26050862,4664,17903606,,,,
1430928293.57318,pg_catalog,pg_trigger,4,0,0,0,0,0,0,0,0,0,0,0,0,0,0,0,0,0
1430928293.57318,pg_catalog,pg_am,209,221,0,0,0,0,0,0,5,0,4,206,0,0,,,,
1430928293.57318,pg_catalog,pg_largeobject_metadata,2,0,0,0,0,0,0,0,0,0,0,0,0,0,,,,
1430928293.57318,pg_catalog,pg_ts_config_map,2,608,0,0,0,0,0,0,304,0,4,2,0,0,,,,
1430928293.57318,pg_catalog,pg_type,3,1093,5849,5490,173,0,151,0,361,0,27,5863,20,12430,,,,
1430928293.57318,public,orders,6,1440000,1659951,2260540,1132909,790620,0,578922,1120426,94148,13932,4566589,14704,11666024,,,,
1430928293.57318,pg_catalog,pg_shdepend,27,27,3058,765,0,0,0,0,1,0,18,783,72,3183,,,,
1430928293.57318,public,item,4,400000,9378397,9369470,100000,0,0,0,100000,0,3845,9377272,276,18801095,,,,
1430928293.57318,pg_catalog,pg_conversion,4,528,0,0,0,0,0,0,132,0,6,9,0,0,,,,
1430928293.57318,pg_catalog,pg_foreign_data_wrapper,3,0,0,0,0,0,0,0,0,0,0,0,0,0,,,,
1430928293.57318,pg_catalog,pg_opfamily,3,258,0,0,0,0,0,0,86,0,4,4,0,0,,,,
1430928293.57318,public,order_line,4,9112860,1739492,25387986,11647668,8218874,0,4820145,11562750,4676776,323948,36209752,88138,51133097,,,,
1430928293.57318,pg_catalog,pg_shdescription,18,54,8,0,0,0,0,0,3,0,18,9,16,0,0,0,0,0
1430928293.57318,pg_catalog,pg_tablespace,53,106,839,839,0,0,0,0,2,0,28,873,46,1648,,,,
1430928293.57318,pg_catalog,pg_inherits,3,0,84,0,0,0,0,0,0,0,0,0,2,82,,,,
1430928293.57318,pg_toast,pg_toast_2606,0,0,0,0,0,0,0,0,0,0,0,0,0,0,,,,
1430928293.57318,pg_toast,pg_toast_2964,0,0,0,0,0,0,0,0,0,0,0,0,0,0,,,,
1430928293.57318,pg_catalog,pg_database,329,1174,5864,5846,9,0,8,0,4,0,10,6208,98,8513,,,,
1430928293.57318,pg_toast,pg_toast_2620,0,0,0,0,0,0,0,0,0,0,0,0,0,0,,,,
1430928293.57318,pg_catalog,pg_amproc,15,1056,1186,1785,0,0,0,0,344,0,9,1205,10,2557,,,,
1430928293.57318,public,district,460882,33476800,3523282,3523282,80,1746011,0,1729940,3,79039,4847,534168779,17,7369842,,,,
1430928293.57318,pg_catalog,pg_collation,3,2766,0,0,0,0,0,0,922,0,56,56,0,0,,,,
1430928293.57318,pg_catalog,pg_constraint,5,50,8,0,8,0,0,0,10,0,6,33,8,64,0,0,0,0
1430928293.57318,pg_catalog,pg_range,2,12,2,0,0,0,0,0,6,0,2,1,2,2,,,,
1430928293.57318,pg_toast,pg_toast_12639,0,0,0,0,0,0,0,0,0,0,0,0,0,0,,,,
1430928293.57318,pg_toast,pg_toast_12654,0,0,0,0,0,0,0,0,0,0,0,0,0,0,,,,
1430928293.57318,pg_catalog,pg_user_mapping,3,0,0,0,0,0,0,0,0,0,0,0,0,0,,,,
1430928293.57318,pg_catalog,pg_largeobject,2,0,0,0,0,0,0,0,0,0,0,0,0,0,,,,
1430928293.57318,pg_catalog,pg_namespace,21,126,1523,1331,0,0,0,0,6,0,4,1349,16,1732,,,,
1430928293.57318,information_schema,sql_packages,1,10,,,0,0,0,0,10,0,2,0,,,0,0,0,0
1430928293.57318,pg_catalog,pg_authid,165,165,2440,2440,0,0,0,0,1,0,27,2587,92,4792,,,,
1430928293.57318,pg_catalog,pg_index,88,5460,4687,5661,27,0,17,0,123,17,13,4944,14,5104,,,,
1430928293.57318,pg_catalog,pg_ts_dict,3,48,0,0,0,0,0,0,16,0,2,2,0,0,,,,
1430928293.57318,pg_catalog,pg_class,223,20099,15982,14559,122,324,101,69,316,0,36,17483,37,24401,,,,
1430928293.57318,pg_toast,pg_toast_2396,0,0,0,0,0,0,0,0,0,0,0,0,0,0,,,,
1430928293.57318,pg_catalog,pg_enum,4,0,0,0,0,0,0,0,0,0,0,0,0,0,,,,
1430928293.57318,pg_catalog,pg_db_role_setting,26,0,5460,0,0,0,0,0,0,0,0,0,22,5438,0,0,0,0
1430928293.57318,pg_toast,pg_toast_12649,0,0,0,0,0,0,0,0,0,0,0,0,0,0,,,,
1430928293.57318,information_schema,sql_parts,1,9,,,0,0,0,0,9,0,2,0,,,0,0,0,0
1430928293.57318,pg_catalog,pg_seclabel,2,0,252,0,0,0,0,0,0,0,0,0,2,250,0,0,0,0
1430928293.57318,information_schema,sql_implementation_info,1,12,,,0,0,0,0,12,0,2,0,,,0,0,0,0
1430928293.57318,pg_toast,pg_toast_2609,0,0,0,0,0,0,0,0,0,0,0,0,0,0,,,,
1430928293.57318,pg_toast,pg_toast_1255,0,0,0,0,0,0,0,0,0,0,0,0,0,0,,,,
1430928293.57318,pg_toast,pg_toast_12644,0,0,0,0,0,0,0,0,0,0,0,0,0,0,,,,
1430928293.57318,public,history,1,240000,,,1093102,0,0,0,1081362,0,17958,884492,,,,,,
1430928293.57318,pg_catalog,pg_rewrite,3,327,58,58,0,0,0,0,109,0,32,70,4,96,57,83,12,246
1430928293.57318,pg_catalog,pg_ts_config,3,48,0,0,0,0,0,0,16,0,2,2,0,0,,,,
1430928293.57318,pg_catalog,pg_extension,3,3,0,0,0,0,0,0,1,0,2,2,0,0,,,,
1430928293.57318,pg_catalog,pg_amop,4,1744,2064,2738,0,0,0,0,436,0,13,2745,23,4399,,,,
1430928293.57318,pg_catalog,pg_cast,3,594,13232,3038,0,0,0,0,198,0,6,3040,6,13377,,,,
1430928293.57318,pg_toast,pg_toast_2619,0,0,4225,13325,131,0,70,0,61,70,51,6308,4,4444,,,,
1430928293.57318,pg_toast,pg_toast_12629,0,0,0,0,0,0,0,0,0,0,0,0,0,0,,,,
1430928293.57318,pg_toast,pg_toast_2604,0,0,0,0,0,0,0,0,0,0,0,0,0,0,,,,
1430928293.57318,information_schema,sql_features,1,672,,,0,0,0,0,672,0,14,0,,,0,0,0,0
1430928353.56578,pg_catalog,pg_auth_members,27,0,0,0,0,0,0,0,0,0,0,0,0,0,,,,
1430928353.56578,pg_catalog,pg_operator,3,2295,3031,19861,0,0,0,0,765,0,43,13827,23,6419,,,,
1430928353.56578,pg_catalog,pg_aggregate,2,266,171,171,0,0,0,0,133,0,7,170,6,256,,,,
1430928353.56578,pg_catalog,pg_pltemplate,18,144,0,0,0,0,0,0,8,0,18,9,0,0,,,,
1430928353.56578,pg_catalog,pg_description,2,7372,252,0,0,0,0,0,3686,0,64,32,6,501,0,0,0,0
1430928353.56578,pg_catalog,pg_language,4,16,10,10,0,0,0,0,4,0,2,13,4,18,,,,
1430928353.56578,information_schema,sql_sizing_profiles,1,0,,,0,0,0,0,0,0,0,0,,,0,0,0,0
1430928353.56578,pg_catalog,pg_ts_parser,3,3,0,0,0,0,0,0,1,0,2,2,0,0,,,,
1430928353.56578,pg_catalog,pg_event_trigger,3,0,27,0,0,0,0,0,0,0,0,0,2,25,,,,
1430928353.56578,pg_catalog,pg_shseclabel,18,0,8,0,0,0,0,0,0,0,0,0,8,0,,,,
1430928353.56578,pg_catalog,pg_foreign_table,2,0,0,0,0,0,0,0,0,0,0,0,0,0,,,,
1430928353.56578,pg_toast,pg_toast_12659,0,0,0,0,0,0,0,0,0,0,0,0,0,0,,,,
1430928353.56578,public,customer,6,1440000,4500378,11289090,240000,1838090,0,1667367,238300,35307,162264,14678503,5286,14669528,,,,
1430928353.56578,public,stock,4,3200000,30009754,21342269,800000,10464686,0,0,893279,2934536,268825,42663118,7357,122120937,,,,
1430928353.56578,pg_catalog,pg_attrdef,3,0,0,0,0,0,0,0,0,0,0,0,0,0,0,0,0,0
1430928353.56578,pg_catalog,pg_ts_template,3,15,0,0,0,0,0,0,5,0,2,2,0,0,,,,
1430928353.56578,pg_catalog,pg_foreign_server,3,0,0,0,0,0,0,0,0,0,0,0,0,0,,,,
1430928353.56578,pg_catalog,pg_default_acl,3,0,59,0,0,0,0,0,0,0,0,0,2,57,,,,
1430928353.56578,pg_toast,pg_toast_12634,0,0,0,0,0,0,0,0,0,0,0,0,0,0,,,,
1430928353.56578,pg_catalog,pg_attribute,70,8050,14952,59172,1401,20,1219,1,2491,0,229,22262,62,35943,,,,
1430928353.56578,pg_catalog,pg_statistic,2,830,18954,18719,92,533,0,203,491,123,112,20177,16,38989,51,8228,4,5724
1430928353.56578,public,warehouse,1351348,8148816,1884421,1884421,8,952890,0,929341,8,44303,3184,1417053093,5,3290406,,,,
1430928353.56578,information_schema,sql_sizing,1,23,,,0,0,0,0,23,0,2,0,,,0,0,0,0
1430928353.56578,pg_toast,pg_toast_2618,0,0,108,339,0,0,0,0,0,0,62,86,6,133,,,,
1430928353.56578,pg_toast,pg_toast_3596,0,0,0,0,0,0,0,0,0,0,0,0,0,0,,,,
1430928353.56578,pg_catalog,pg_depend,3,20120,2731,2507,348,0,256,0,6672,256,103,3172,39,6884,,,,
1430928353.56578,information_schema,sql_languages,1,4,,,0,0,0,0,4,0,2,0,,,0,0,0,0
1430928353.56578,pg_catalog,pg_opclass,15,396,1724,21277,0,0,0,0,128,0,9,8183,13,2042,,,,
1430928353.56578,pg_catalog,pg_proc,3,8073,4497,6015,6,0,0,0,2691,0,184,5304,46,9438,0,0,0,0
1430928353.56578,public,new_order,4,288000,1770400,1652623,1069239,0,755800,0,301695,335568,6182,28011336,5508,21329468,,,,
1430928353.56578,pg_catalog,pg_trigger,4,0,0,0,0,0,0,0,0,0,0,0,0,0,0,0,0,0
1430928353.56578,pg_catalog,pg_am,219,231,0,0,0,0,0,0,5,0,4,216,0,0,,,,
1430928353.56578,pg_catalog,pg_largeobject_metadata,2,0,0,0,0,0,0,0,0,0,0,0,0,0,,,,
1430928353.56578,pg_catalog,pg_ts_config_map,2,608,0,0,0,0,0,0,304,0,4,2,0,0,,,,
1430928353.56578,pg_catalog,pg_type,3,1093,5957,5598,173,0,151,0,361,0,27,5971,20,12652,,,,
1430928353.56578,public,orders,6,1440000,1858461,2611721,1237239,885200,0,654426,1223682,111379,14885,5173820,15985,13008290,,,,
1430928353.56578,pg_catalog,pg_shdepend,27,27,3058,765,0,0,0,0,1,0,18,783,72,3183,,,,
1430928353.56578,public,item,4,400000,10474704,10464705,100000,0,0,0,100000,0,3845,10472507,276,20998867,,,,
1430928353.56578,pg_catalog,pg_conversion,4,528,0,0,0,0,0,0,132,0,6,9,0,0,,,,
1430928353.56578,pg_catalog,pg_foreign_data_wrapper,3,0,0,0,0,0,0,0,0,0,0,0,0,0,,,,
1430928353.56578,pg_catalog,pg_opfamily,3,258,0,0,0,0,0,0,86,0,4,4,0,0,,,,
1430928353.56578,public,order_line,4,9112860,1947251,28397517,12742901,9213555,0,5511913,12647836,5166093,341425,40051275,98432,57595289,,,,
1430928353.56578,pg_catalog,pg_shdescription,18,54,8,0,0,0,0,0,3,0,18,9,16,0,0,0,0,0
1430928353.56578,pg_catalog,pg_tablespace,53,106,839,839,0,0,0,0,2,0,28,873,46,1648,,,,
1430928353.56578,pg_catalog,pg_inherits,3,0,84,0,0,0,0,0,0,0,0,0,2,82,,,,
1430928353.56578,pg_toast,pg_toast_2606,0,0,0,0,0,0,0,0,0,0,0,0,0,0,,,,
1430928353.56578,pg_toast,pg_toast_2964,0,0,0,0,0,0,0,0,0,0,0,0,0,0,,,,
1430928353.56578,pg_catalog,pg_database,329,1174,5864,5846,9,0,8,0,4,0,10,6208,98,8513,,,,
1430928353.56578,pg_toast,pg_toast_2620,0,0,0,0,0,0,0,0,0,0,0,0,0,0,,,,
1430928353.56578,pg_catalog,pg_amproc,15,1056,1208,1821,0,0,0,0,344,0,9,1227,10,2611,,,,
1430928353.56578,public,district,460882,33476800,3982320,3982320,80,1950129,0,1932568,3,9806,5345,546328354,17,8365375,,,,
1430928353.56578,pg_catalog,pg_collation,3,2766,0,0,0,0,0,0,922,0,56,56,0,0,,,,
1430928353.56578,pg_catalog,pg_constraint,5,50,8,0,8,0,0,0,10,0,6,33,8,64,0,0,0,0
1430928353.56578,pg_catalog,pg_range,2,12,2,0,0,0,0,0,6,0,2,1,2,2,,,,
1430928353.56578,pg_toast,pg_toast_12639,0,0,0,0,0,0,0,0,0,0,0,0,0,0,,,,
1430928353.56578,pg_toast,pg_toast_12654,0,0,0,0,0,0,0,0,0,0,0,0,0,0,,,,
1430928353.56578,pg_catalog,pg_user_mapping,3,0,0,0,0,0,0,0,0,0,0,0,0,0,,,,
1430928353.56578,pg_catalog,pg_largeobject,2,0,0,0,0,0,0,0,0,0,0,0,0,0,,,,
1430928353.56578,pg_catalog,pg_namespace,23,138,1664,1466,0,0,0,0,6,0,4,1486,16,1881,,,,
1430928353.56578,information_schema,sql_packages,1,10,,,0,0,0,0,10,0,2,0,,,0,0,0,0
1430928353.56578,pg_catalog,pg_authid,165,165,2440,2440,0,0,0,0,1,0,27,2587,92,4792,,,,
1430928353.56578,pg_catalog,pg_index,93,6075,4974,6123,27,0,17,0,123,17,13,5246,14,5407,,,,
1430928353.56578,pg_catalog,pg_ts_dict,3,48,0,0,0,0,0,0,16,0,2,2,0,0,,,,
1430928353.56578,pg_catalog,pg_class,229,21995,17182,15636,122,324,101,69,316,0,36,18609,37,25870,,,,
1430928353.56578,pg_toast,pg_toast_2396,0,0,0,0,0,0,0,0,0,0,0,0,0,0,,,,
1430928353.56578,pg_catalog,pg_enum,4,0,0,0,0,0,0,0,0,0,0,0,0,0,,,,
1430928353.56578,pg_catalog,pg_db_role_setting,26,0,5460,0,0,0,0,0,0,0,0,0,22,5438,0,0,0,0
1430928353.56578,pg_toast,pg_toast_12649,0,0,0,0,0,0,0,0,0,0,0,0,0,0,,,,
1430928353.56578,information_schema,sql_parts,1,9,,,0,0,0,0,9,0,2,0,,,0,0,0,0
1430928353.56578,pg_catalog,pg_seclabel,2,0,252,0,0,0,0,0,0,0,0,0,2,250,0,0,0,0
1430928353.56578,information_schema,sql_implementation_info,1,12,,,0,0,0,0,12,0,2,0,,,0,0,0,0
1430928353.56578,pg_toast,pg_toast_2609,0,0,0,0,0,0,0,0,0,0,0,0,0,0,,,,
1430928353.56578,pg_toast,pg_toast_1255,0,0,0,0,0,0,0,0,0,0,0,0,0,0,,,,
1430928353.56578,pg_toast,pg_toast_12644,0,0,0,0,0,0,0,0,0,0,0,0,0,0,,,,
1430928353.56578,public,history,1,240000,,,1192890,0,0,0,1181150,0,19079,986522,,,,,,
1430928353.56578,pg_catalog,pg_rewrite,3,327,66,66,0,0,0,0,109,0,35,75,4,110,62,86,12,266
1430928353.56578,pg_catalog,pg_ts_config,3,48,0,0,0,0,0,0,16,0,2,2,0,0,,,,
1430928353.56578,pg_catalog,pg_extension,3,3,0,0,0,0,0,0,1,0,2,2,0,0,,,,
1430928353.56578,pg_catalog,pg_amop,4,1744,2103,2787,0,0,0,0,436,0,13,2794,23,4487,,,,
1430928353.56578,pg_catalog,pg_cast,3,594,13308,3071,0,0,0,0,198,0,6,3073,6,13459,,,,
1430928353.56578,pg_toast,pg_toast_2619,0,0,5505,17485,131,0,70,0,61,70,51,8228,4,5724,,,,
1430928353.56578,pg_toast,pg_toast_12629,0,0,0,0,0,0,0,0,0,0,0,0,0,0,,,,
1430928353.56578,pg_toast,pg_toast_2604,0,0,0,0,0,0,0,0,0,0,0,0,0,0,,,,
1430928353.56578,information_schema,sql_features,1,672,,,0,0,0,0,672,0,14,0,,,0,0,0,0
1430928413.56691,pg_catalog,pg_auth_members,27,0,0,0,0,0,0,0,0,0,0,0,0,0,,,,
1430928413.56691,pg_catalog,pg_operator,3,2295,3056,19886,0,0,0,0,765,0,46,13849,24,6479,,,,
1430928413.56691,pg_catalog,pg_aggregate,2,266,172,172,0,0,0,0,133,0,7,171,6,258,,,,
1430928413.56691,pg_catalog,pg_pltemplate,18,144,0,0,0,0,0,0,8,0,18,9,0,0,,,,
1430928413.56691,pg_catalog,pg_description,2,7372,252,0,0,0,0,0,3686,0,64,32,6,501,0,0,0,0
1430928413.56691,pg_catalog,pg_language,4,16,10,10,0,0,0,0,4,0,2,13,4,18,,,,
1430928413.56691,information_schema,sql_sizing_profiles,1,0,,,0,0,0,0,0,0,0,0,,,0,0,0,0
1430928413.56691,pg_catalog,pg_ts_parser,3,3,0,0,0,0,0,0,1,0,2,2,0,0,,,,
1430928413.56691,pg_catalog,pg_event_trigger,3,0,27,0,0,0,0,0,0,0,0,0,2,25,,,,
1430928413.56691,pg_catalog,pg_shseclabel,18,0,8,0,0,0,0,0,0,0,0,0,8,0,,,,
1430928413.56691,pg_catalog,pg_foreign_table,2,0,0,0,0,0,0,0,0,0,0,0,0,0,,,,
1430928413.56691,pg_toast,pg_toast_12659,0,0,0,0,0,0,0,0,0,0,0,0,0,0,,,,
1430928413.56691,public,customer,6,1440000,5025863,12617768,240000,2052601,0,1874948,238300,43464,162292,16430208,5286,16312524,,,,
1430928413.56691,public,stock,4,3200000,33470987,23826773,800000,11683597,0,0,893279,4153447,271260,46850126,7363,136284683,,,,
1430928413.56691,pg_catalog,pg_attrdef,3,0,0,0,0,0,0,0,0,0,0,0,0,0,0,0,0,0
1430928413.56691,pg_catalog,pg_ts_template,3,15,0,0,0,0,0,0,5,0,2,2,0,0,,,,
1430928413.56691,pg_catalog,pg_foreign_server,3,0,0,0,0,0,0,0,0,0,0,0,0,0,,,,
1430928413.56691,pg_catalog,pg_default_acl,3,0,59,0,0,0,0,0,0,0,0,0,2,57,,,,
1430928413.56691,pg_toast,pg_toast_12634,0,0,0,0,0,0,0,0,0,0,0,0,0,0,,,,
1430928413.56691,pg_catalog,pg_attribute,81,8125,15785,62626,1401,20,1219,1,2491,0,230,23419,62,37618,,,,
1430928413.56691,pg_catalog,pg_statistic,2,830,20154,19913,92,585,0,237,491,174,124,21469,16,41432,92,8521,5,5825
1430928413.56691,public,warehouse,1487019,8963568,2121275,2121275,8,1064181,0,1037849,8,49881,3453,1757506434,5,3828655,,,,
1430928413.56691,information_schema,sql_sizing,1,23,,,0,0,0,0,23,0,2,0,,,0,0,0,0
1430928413.56691,pg_toast,pg_toast_2618,0,0,113,355,0,0,0,0,0,0,63,92,6,141,,,,
1430928413.56691,pg_toast,pg_toast_3596,0,0,0,0,0,0,0,0,0,0,0,0,0,0,,,,
1430928413.56691,pg_catalog,pg_depend,3,20120,2731,2507,348,0,256,0,6672,256,103,3172,39,6884,,,,
1430928413.56691,information_schema,sql_languages,1,4,,,0,0,0,0,4,0,2,0,,,0,0,0,0
1430928413.56691,pg_catalog,pg_opclass,17,398,1763,21822,0,0,0,0,128,0,9,8376,13,2092,,,,
1430928413.56691,pg_catalog,pg_proc,3,8073,4581,6141,6,0,0,0,2691,0,185,5405,47,9617,0,0,0,0
1430928413.56691,public,new_order,4,288000,1976840,1844641,1185355,0,843450,0,329510,111742,6637,29817708,7666,23268032,,,,
1430928413.56691,pg_catalog,pg_trigger,4,0,0,0,0,0,0,0,0,0,0,0,0,0,0,0,0,0
1430928413.56691,pg_catalog,pg_am,225,237,0,0,0,0,0,0,5,0,4,222,0,0,,,,
1430928413.56691,pg_catalog,pg_largeobject_metadata,2,0,0,0,0,0,0,0,0,0,0,0,0,0,,,,
1430928413.56691,pg_catalog,pg_ts_config_map,2,608,0,0,0,0,0,0,304,0,4,2,0,0,,,,
1430928413.56691,pg_catalog,pg_type,3,1093,6076,5717,173,0,151,0,361,0,27,6090,20,12897,,,,
1430928413.56691,public,orders,6,1440000,2075160,3018876,1353355,988420,0,736657,1338614,134457,15941,5865034,18004,14487395,,,,
1430928413.56691,pg_catalog,pg_shdepend,27,27,3058,765,0,0,0,0,1,0,18,783,72,3183,,,,
1430928413.56691,public,item,4,400000,11694799,11683619,100000,0,0,0,100000,0,3845,11691421,276,23444887,,,,
1430928413.56691,pg_catalog,pg_conversion,4,528,0,0,0,0,0,0,132,0,6,9,0,0,,,,
1430928413.56691,pg_catalog,pg_foreign_data_wrapper,3,0,0,0,0,0,0,0,0,0,0,0,0,0,,,,
1430928413.56691,pg_catalog,pg_opfamily,3,258,0,0,0,0,0,0,86,0,4,4,0,0,,,,
1430928413.56691,public,order_line,4,9112860,2174339,31694253,13961812,10297575,0,6278246,13855477,5637823,370156,44202329,114926,64687485,,,,
1430928413.56691,pg_catalog,pg_shdescription,18,54,8,0,0,0,0,0,3,0,18,9,16,0,0,0,0,0
1430928413.56691,pg_catalog,pg_tablespace,53,106,859,859,0,0,0,0,2,0,28,893,46,1688,,,,
1430928413.56691,pg_catalog,pg_inherits,3,0,84,0,0,0,0,0,0,0,0,0,2,82,,,,
1430928413.56691,pg_toast,pg_toast_2606,0,0,0,0,0,0,0,0,0,0,0,0,0,0,,,,
1430928413.56691,pg_toast,pg_toast_2964,0,0,0,0,0,0,0,0,0,0,0,0,0,0,,,,
1430928413.56691,pg_catalog,pg_database,335,1198,6280,6262,9,0,8,0,4,0,10,6630,98,8973,,,,
1430928413.56691,pg_toast,pg_toast_2620,0,0,0,0,0,0,0,0,0,0,0,0,0,0,,,,
1430928413.56691,pg_catalog,pg_amproc,17,1060,1242,1863,0,0,0,0,344,0,11,1262,10,2685,,,,
1430928413.56691,public,district,460882,33476800,4494199,4494199,80,2177536,0,2158408,35,4385,8016,549054801,18,9476880,,,,
1430928413.56691,pg_catalog,pg_collation,3,2766,0,0,0,0,0,0,922,0,56,56,0,0,,,,
1430928413.56691,pg_catalog,pg_constraint,5,50,8,0,8,0,0,0,10,0,6,33,8,64,0,0,0,0
1430928413.56691,pg_catalog,pg_range,2,12,2,0,0,0,0,0,6,0,2,1,2,2,,,,
1430928413.56691,pg_toast,pg_toast_12639,0,0,0,0,0,0,0,0,0,0,0,0,0,0,,,,
1430928413.56691,pg_toast,pg_toast_12654,0,0,0,0,0,0,0,0,0,0,0,0,0,0,,,,
1430928413.56691,pg_catalog,pg_user_mapping,3,0,0,0,0,0,0,0,0,0,0,0,0,0,,,,
1430928413.56691,pg_catalog,pg_largeobject,2,0,0,0,0,0,0,0,0,0,0,0,0,0,,,,
1430928413.56691,pg_catalog,pg_namespace,25,150,1807,1603,0,0,0,0,6,0,4,1625,16,2033,,,,
1430928413.56691,information_schema,sql_packages,1,10,,,0,0,0,0,10,0,2,0,,,0,0,0,0
1430928413.56691,pg_catalog,pg_authid,169,169,2481,2481,0,0,0,0,1,0,27,2632,92,4874,,,,
1430928413.56691,pg_catalog,pg_index,105,6697,5400,6566,27,0,17,0,123,17,13,5698,14,5846,,,,
1430928413.56691,pg_catalog,pg_ts_dict,3,48,0,0,0,0,0,0,16,0,2,2,0,0,,,,
1430928413.56691,pg_catalog,pg_class,251,25183,18726,17057,122,324,101,69,316,0,36,20173,37,27761,,,,
1430928413.56691,pg_toast,pg_toast_2396,0,0,0,0,0,0,0,0,0,0,0,0,0,0,,,,
1430928413.56691,pg_catalog,pg_enum,4,0,0,0,0,0,0,0,0,0,0,0,0,0,,,,
1430928413.56691,pg_catalog,pg_db_role_setting,26,0,5548,0,0,0,0,0,0,0,0,0,22,5526,0,0,0,0
1430928413.56691,pg_toast,pg_toast_12649,0,0,0,0,0,0,0,0,0,0,0,0,0,0,,,,
1430928413.56691,information_schema,sql_parts,1,9,,,0,0,0,0,9,0,2,0,,,0,0,0,0
1430928413.56691,pg_catalog,pg_seclabel,2,0,252,0,0,0,0,0,0,0,0,0,2,250,0,0,0,0
1430928413.56691,information_schema,sql_implementation_info,1,12,,,0,0,0,0,12,0,2,0,,,0,0,0,0
1430928413.56691,pg_toast,pg_toast_2609,0,0,0,0,0,0,0,0,0,0,0,0,0,0,,,,
1430928413.56691,pg_toast,pg_toast_1255,0,0,0,0,0,0,0,0,0,0,0,0,0,0,,,,
1430928413.56691,pg_toast,pg_toast_12644,0,0,0,0,0,0,0,0,0,0,0,0,0,0,,,,
1430928413.56691,public,history,1,240000,,,1304181,0,0,0,1292441,0,20335,1100325,,,,,,
1430928413.56691,pg_catalog,pg_rewrite,3,327,74,74,0,0,0,0,109,0,36,82,4,124,63,92,12,282
1430928413.56691,pg_catalog,pg_ts_config,3,48,0,0,0,0,0,0,16,0,2,2,0,0,,,,
1430928413.56691,pg_catalog,pg_extension,3,3,0,0,0,0,0,0,1,0,2,2,0,0,,,,
1430928413.56691,pg_catalog,pg_amop,4,1744,2170,2865,0,0,0,0,436,0,14,2871,24,4632,,,,
1430928413.56691,pg_catalog,pg_cast,3,594,13520,3125,0,0,0,0,198,0,7,3126,6,13678,,,,
1430928413.56691,pg_toast,pg_toast_2619,0,0,5553,17589,183,0,122,0,71,52,92,8521,5,5825,,,,
1430928413.56691,pg_toast,pg_toast_12629,0,0,0,0,0,0,0,0,0,0,0,0,0,0,,,,
1430928413.56691,pg_toast,pg_toast_2604,0,0,0,0,0,0,0,0,0,0,0,0,0,0,,,,
1430928413.56691,information_schema,sql_features,1,672,,,0,0,0,0,672,0,14,0,,,0,0,0,0
